acousticness,danceability,duration_ms,energy,instrumentalness,key,liveness,loudness,mode,speechiness,tempo,valence,target
0.0133,0.773,204014,0.507,0.26,1,0.17,-9.584,1,0.0505,126.043,0.304,1
0.175,0.661,265947,0.748,0,2,0.254,-4.809,0,0.206,171.983,0.509,1
0.128,0.755,141827,0.772,0,6,0.157,-5.585,1,0.4,132.906,0.678,1
0.0169,0.852,216600,0.752,0,1,0.394,-5.793,1,0.0597,89.95,0.389,1
0.145,0.808,210800,0.745,0,10,0.292,-5.26,0,0.342,165.995,0.829,1
0.000599,0.537,206903,0.964,1.14E-05,9,0.0564,-4.157,1,0.113,155.017,0.712,1
0.204,0.582,218142,0.847,0,2,0.105,-5.642,1,0.258,149.97,0.501,1
0.0217,0.668,193993,0.872,0,0,0.106,-3.814,1,0.0458,100.97,0.411,1
0.00705,0.674,170823,0.977,0.794,8,0.11,-2.554,0,0.109,169.92,0.731,1
0.0064,0.775,179658,0.717,0.265,5,0.112,-5.348,0,0.114,122.994,0.282,1
0.171,0.373,187258,0.674,0.000215,11,0.0668,-4.76,0,0.0701,150.062,0.2,1
0.343,0.844,269084,0.578,0,4,0.111,-4.948,0,0.39,158.053,0.472,1
0.000839,0.416,214543,0.988,0,0,0.137,-3.466,1,0.113,174.995,0.47,1
0.609,0.662,205714,0.433,1.02E-06,8,0.349,-13.302,0,0.0635,98.025,0.485,1
0.246,0.624,223500,0.638,0.2,7,0.0939,-8.075,0,0.0482,160.001,0.238,1
0.0252,0.759,230400,0.689,0.00192,2,0.654,-6.897,1,0.0554,100.001,0.307,1
0.395,0.561,243422,0.515,0.0156,2,0.17,-7.07,1,0.102,77.897,0.0593,1
0.597,0.608,150330,0.83,3.50E-06,9,0.118,-5.396,0,0.0948,91.063,0.211,1
0.0167,0.718,159840,0.757,0.0502,9,0.231,-5.738,1,0.129,124.944,0.101,1
0.0852,0.823,179693,0.847,0,9,0.231,-3.183,0,0.133,109.999,0.686,1
0.552,0.831,197695,0.851,0,2,0.106,-3.397,1,0.207,119.958,0.496,1
0.406,0.653,232053,0.828,0,5,0.11,-4.502,0,0.312,75.684,0.709,1
0.0145,0.777,199659,0.702,0.00609,1,0.531,-5.13,1,0.0809,110.043,0.339,1
0.11,0.875,176000,0.824,0.739,1,0.0828,-6.292,1,0.101,123.008,0.725,1
0.0134,0.676,176680,0.905,0.0305,7,0.483,-4.561,1,0.0376,124.973,0.218,1
0.00179,0.522,221217,0.751,0,1,0.128,-6.02,1,0.0342,115.031,0.0633,1
0.136,0.483,172800,0.57,0.0148,9,0.138,-8.85,0,0.0465,75.029,0.135,1
0.349,0.703,131973,0.629,0,7,0.133,-5.897,1,0.0662,120.076,0.16,1
0.112,0.659,138508,0.855,0.000249,2,0.119,-6.11,1,0.216,89.99,0.606,1
0.000537,0.475,66273,0.916,0.951,4,0.152,-8.318,0,0.0485,173.969,0.285,1
0.0777,0.656,146880,0.494,0.17,9,0.138,-10.344,0,0.0485,125.022,0.306,1
0.177,0.57,208222,0.672,0,8,0.0768,-5.89,0,0.0723,120.019,0.448,1
0.0167,0.77,176840,0.724,0.0107,8,0.353,-5.484,1,0.0495,121.975,0.898,1
0.0237,0.676,207133,0.771,7.00E-06,8,0.102,-3.675,1,0.0483,99.048,0.569,1
0.0911,0.893,214155,0.839,1.83E-05,11,0.113,-6.785,1,0.0671,129.998,0.801,1
0.371,0.855,324189,0.694,0,2,0.109,-4.393,1,0.169,122.078,0.49,1
0.0171,0.631,213960,0.86,5.83E-06,10,0.333,-4.994,0,0.121,181.868,0.382,1
0.0744,0.695,302935,0.727,0.000175,6,0.533,-6.274,0,0.0323,118.034,0.864,1
0.025,0.64,146848,0.505,0,4,0.383,-9.452,0,0.0691,89.993,0.171,1
0.0335,0.6,223665,0.757,0.000165,1,0.296,-7.666,1,0.135,73.061,0.443,1
0.351,0.782,219141,0.319,0,10,0.595,-10.907,0,0.138,114.937,0.507,1
0.215,0.564,219063,0.612,0,5,0.427,-4.094,1,0.21,127.562,0.585,1
0.0916,0.653,160719,0.673,0.00374,6,0.154,-7.934,1,0.268,115.181,0.183,1
0.189,0.769,159715,0.787,0,11,0.129,-3.909,1,0.367,126.77,0.836,1
0.00224,0.73,273547,0.803,0.771,11,0.0635,-7.623,0,0.172,129.991,0.796,1
0.362,0.301,191477,0.3,0.000201,11,0.14,-10.992,0,0.04,58.959,0.124,1
0.0668,0.514,216000,0.829,0,3,0.15,-4.869,0,0.176,150.193,0.426,1
0.00403,0.522,174562,0.872,0.0171,2,0.326,-6.942,1,0.114,150.049,0.182,1
0.0221,0.375,317078,0.895,0.000244,8,0.661,-3.846,1,0.0605,172.129,0.67,1
0.00119,0.599,185333,0.92,0.403,2,0.209,-2.843,1,0.13,179.986,0.285,1
0.00606,0.651,216999,0.815,0,1,0.0802,-6.384,0,0.23,145.97,0.432,1
0.76,0.57,185532,0.675,2.71E-05,4,0.354,-4.612,0,0.0392,141.012,0.324,1
0.0162,0.632,240000,0.661,0.000358,5,0.132,-7.348,1,0.0483,104.981,0.385,1
0.103,0.769,130385,0.568,0.667,2,0.279,-9.604,1,0.221,104.016,0.399,1
0.323,0.664,171240,0.419,6.41E-05,7,0.107,-9.5,0,0.184,159.959,0.51,1
0.00425,0.481,185787,0.656,0.000388,0,0.0921,-4.435,1,0.0514,96.04,0.303,1
0.643,0.768,200547,0.329,3.87E-05,7,0.234,-11.956,1,0.0903,96.009,0.35,1
0.00772,0.719,142529,0.654,0.624,9,0.0994,-8.356,1,0.0542,128.043,0.287,1
0.000683,0.707,205333,0.825,0.825,6,0.154,-6.051,1,0.0542,140.059,0.736,1
0.0229,0.694,285147,0.595,0.00487,7,0.291,-7.305,1,0.0526,115.014,0.404,1
0.265,0.736,205334,0.933,0.0164,7,0.279,-5.34,0,0.057,127.979,0.889,1
0.0545,0.702,180956,0.903,0.697,3,0.0785,-2.186,0,0.0458,125.979,0.546,1
0.000712,0.705,197760,0.593,0.463,2,0.319,-5.954,1,0.0368,124.987,0.324,1
0.0307,0.544,183305,0.844,0,9,0.776,-5.109,1,0.0456,118.163,0.43,1
0.0026,0.546,228006,0.733,0,2,0.385,-4.714,1,0.215,202.289,0.111,1
0.501,0.587,145706,0.795,0.201,9,0.342,-9.157,0,0.191,123.98,0.305,1
0.0138,0.701,228865,0.615,0.000416,8,0.08,-7.598,1,0.1,128.047,0.325,1
0.151,0.84,175118,0.717,0,8,0.227,-5.491,0,0.0888,122.029,0.774,1
0.0318,0.714,192853,0.423,0,8,0.164,-13.596,1,0.18,150.199,0.378,1
0.239,0.526,154839,0.675,0,1,0.117,-6.585,1,0.0463,155.005,0.136,1
0.00603,0.676,252062,0.67,0.00781,5,0.168,-4.596,0,0.032,124.983,0.225,1
0.549,0.887,212459,0.492,0.49,5,0.0608,-9.752,0,0.0611,121.982,0.174,1
0.00861,0.59,166857,0.792,0,4,0.073,-5.868,1,0.0394,105.051,0.208,1
0.221,0.728,203694,0.863,0,7,0.129,-7.577,1,0.296,148.026,0.581,1
0.0728,0.42,243213,0.615,7.77E-06,4,0.242,-4.694,0,0.065,161.953,0.131,1
0.306,0.71,261853,0.5,0,3,0.248,-7.228,0,0.0417,97.071,0.616,1
0.493,0.557,209058,0.468,0.0415,4,0.104,-11.049,0,0.0463,147.848,0.237,1
0.605,0.526,255000,0.659,0,0,0.134,-4.14,0,0.0558,79.907,0.586,1
0.632,0.849,179444,0.592,2.39E-06,6,0.108,-4.309,0,0.102,89.966,0.652,1
0.162,0.619,235102,0.925,0,7,0.255,-6.215,0,0.103,175.117,0.738,1
0.00417,0.675,215692,0.627,0,2,0.101,-5.403,0,0.0396,139.021,0.444,1
0.000551,0.295,280152,0.679,5.44E-05,1,0.165,-6.182,1,0.15,197.964,0.381,1
0.109,0.616,190820,0.77,0,11,0.113,-5.293,1,0.0805,121.982,0.353,1
0.0444,0.749,415665,0.573,0.0497,9,0.0328,-6.778,0,0.0363,125.013,0.382,1
0.209,0.573,199000,0.645,0.00184,5,0.146,-7.692,0,0.0995,179.871,0.222,1
0.00827,0.741,166440,0.86,0.58,6,0.283,-4.809,0,0.109,125.943,0.52,1
0.00408,0.72,221775,0.781,0.807,10,0.308,-2.647,0,0.0609,125.005,0.307,1
0.0639,0.796,291840,0.526,0.85,9,0.0631,-8.086,0,0.0535,121.999,0.595,1
0.0368,0.702,278715,0.801,0.00581,2,0.178,-6.97,0,0.0368,124.004,0.184,1
0.128,0.633,247869,0.71,0.785,6,0.0893,-9.93,0,0.0347,121.993,0.599,1
0.111,0.497,269268,0.489,0.00167,4,0.0912,-7.849,0,0.0413,163.814,0.0348,1
0.0324,0.767,171692,0.593,4.50E-06,4,0.0878,-5.901,1,0.0413,130.007,0.579,1
0.652,0.748,151425,0.632,0.000826,6,0.0887,-7.9,0,0.0392,100.04,0.417,1
0.58,0.612,202855,0.436,0,2,0.108,-7.202,0,0.0625,149.909,0.445,1
0.37,0.693,246360,0.553,0.000248,7,0.148,-6.868,1,0.0375,124.117,0.153,1
0.379,0.404,185375,0.292,0,2,0.0905,-13.044,0,0.0447,142.498,0.194,1
0.0027,0.677,196827,0.655,0.276,7,0.162,-5.541,1,0.0433,100.119,0.146,1
0.298,0.648,245000,0.651,0.0262,1,0.252,-8.92,1,0.0995,107.989,0.232,1
0.0144,0.693,240000,0.613,4.69E-06,10,0.113,-6.176,0,0.177,139.977,0.561,1
0.502,0.744,161566,0.428,0.236,6,0.123,-13.857,0,0.0701,120.027,0.231,1
0.213,0.814,188834,0.499,3.07E-05,5,0.217,-8.379,0,0.0424,100.012,0.669,1
0.0705,0.704,240133,0.974,0,10,0.451,-3.61,0,0.146,129.772,0.742,1
0.032,0.519,163500,0.734,0.000662,10,0.379,-4.72,0,0.108,158.81,0.429,1
0.11,0.709,295307,0.934,0,10,0.269,-3.512,0,0.133,130.083,0.734,1
0.0993,0.785,270000,0.826,0,8,0.117,-4.712,0,0.317,97.975,0.53,1
0.156,0.644,210525,0.842,0.0206,11,0.367,-6.357,0,0.0971,157.951,0.261,1
0.0109,0.759,138985,0.594,0,8,0.163,-5.191,0,0.168,140.009,0.263,1
0.207,0.875,129682,0.831,0.000147,11,0.0793,-5.072,0,0.28,76.006,0.961,1
0.0407,0.912,140069,0.526,7.42E-05,5,0.1,-5.527,1,0.0671,120.023,0.586,1
0.593,0.384,221530,0.48,0.146,11,0.114,-9.827,0,0.0366,139.592,0.104,1
0.0598,0.588,169144,0.58,0.822,7,0.104,-10.019,1,0.0527,148.899,0.0463,1
0.736,0.282,195280,0.481,0,6,0.118,-7.95,0,0.031,81.946,0.23,1
0.00931,0.511,154074,0.437,0,7,0.174,-8.407,1,0.296,161.181,0.315,1
0.0319,0.77,248517,0.878,2.04E-06,7,0.109,-2.209,1,0.106,132.102,0.215,1
0.0327,0.811,148800,0.941,0.808,9,0.868,-2.947,1,0.144,150.053,0.41,1
0.0647,0.524,193600,0.717,1.23E-06,11,0.12,-6.612,0,0.0701,149.953,0.416,1
0.0784,0.473,160552,0.661,1.77E-05,8,0.0657,-5.322,0,0.0437,144.803,0.31,1
0.0697,0.652,128960,0.912,0,1,0.296,-2.464,1,0.0879,103.005,0.279,1
0.136,0.679,226260,0.391,0.00221,1,0.196,-7.473,1,0.139,119.892,0.0879,1
0.0195,0.792,230006,0.256,0.948,0,0.095,-13.66,0,0.0727,107.998,0.108,1
0.023,0.524,224129,0.744,1.84E-05,5,0.131,-4.689,0,0.0693,115.032,0.23,1
0.0522,0.621,163636,0.601,0,6,0.46,-5.616,0,0.148,116.735,0.457,1
0.462,0.649,201429,0.494,0.142,11,0.0782,-7.148,1,0.0256,112.023,0.173,1
0.0112,0.725,169741,0.949,0.00196,7,0.152,-3.416,1,0.0814,128.001,0.581,1
0.342,0.782,173611,0.5,2.05E-05,5,0.133,-6.473,0,0.0611,102.001,0.281,1
0.72,0.598,181132,0.536,0.000102,8,0.102,-8.84,0,0.0634,105.765,0.243,1
0.19,0.557,182983,0.6,0.0776,7,0.178,-8.567,1,0.543,180.892,0.143,1
0.000433,0.602,177293,0.803,0.433,1,0.0677,-8.831,1,0.197,159.977,0.324,1
0.231,0.762,178462,0.793,0.00425,5,0.306,-5.796,1,0.0732,155.979,0.593,1
0.00711,0.671,209795,0.911,0.8,8,0.431,-4.445,1,0.0499,119.043,0.1,1
0.491,0.658,137333,0.463,0.012,7,0.243,-8.918,0,0.0488,89.94,0.166,1
0.0195,0.649,108635,0.431,0,1,0.79,-11.863,1,0.291,76.922,0.685,1
0.00561,0.773,211960,0.564,1.99E-05,1,0.213,-7.241,1,0.249,155.976,0.0588,1
0.315,0.583,178878,0.514,6.94E-06,10,0.101,-10.168,0,0.138,99.862,0.205,1
0.0138,0.733,196743,0.631,0.0406,6,0.106,-7.315,1,0.287,127.012,0.636,1
0.0178,0.723,195362,0.884,0,11,0.393,-4.662,0,0.0563,109.997,0.208,1
0.0182,0.697,188685,0.61,0.0026,7,0.101,-9.408,1,0.0634,126.037,0.396,1
0.0213,0.716,226611,0.875,2.57E-06,11,0.535,-4.664,0,0.0594,109.991,0.099,1
0.217,0.691,252110,0.476,0.414,11,0.0889,-7.168,0,0.0364,109.015,0.0656,1
0.199,0.72,237452,0.517,0,10,0.164,-9.191,1,0.369,119.952,0.445,1
0.0419,0.63,206222,0.381,0.00158,6,0.169,-9.378,1,0.0398,135.037,0.066,1
0.174,0.778,132780,0.695,0,4,0.151,-6.865,0,0.0913,149.996,0.472,1
0.0225,0.703,184054,0.635,0.86,9,0.246,-9.706,1,0.0465,104.979,0.18,1
0.032,0.766,183053,0.823,0.566,10,0.222,-8.886,0,0.0674,122.013,0.202,1
0.145,0.621,162403,0.49,0.000168,1,0.109,-8.886,0,0.141,169.992,0.0897,1
0.121,0.563,123529,0.942,0,2,0.32,-2.834,1,0.0268,102.063,0.471,1
0.0227,0.666,211706,0.672,0.000141,5,0.316,-7.373,0,0.0584,100.027,0.229,1
0.103,0.526,260571,0.696,0.000312,9,0.107,-6.56,0,0.0475,104.754,0.0377,1
0.0157,0.773,166090,0.596,4.00E-05,1,0.0659,-7.869,1,0.0309,124.983,0.262,1
0.223,0.624,223792,0.724,6.77E-06,10,0.361,-6.033,0,0.107,147.932,0.332,1
0.168,0.788,206400,0.785,2.47E-05,0,0.108,-6.854,1,0.216,99.99,0.557,1
0.0759,0.752,164812,0.723,0.67,8,0.396,-4.748,1,0.0816,128.085,0.213,1
0.125,0.682,192000,0.627,0.00309,7,0.261,-5.481,1,0.14,129.956,0.237,1
0.206,0.645,183187,0.866,0,2,0.0976,-3.415,1,0.381,157.831,0.606,1
0.00467,0.665,257455,0.899,0.0632,4,0.189,-6.441,0,0.0391,110.022,0.15,1
0.259,0.756,179258,0.653,0.000244,6,0.133,-5.255,0,0.114,100.994,0.321,1
0.0136,0.727,232573,0.477,0.00147,2,0.241,-7.876,1,0.077,76.486,0.0689,1
0.0163,0.563,214627,0.747,0.00177,2,0.355,-8.936,1,0.376,165.152,0.723,1
0.00753,0.404,154291,0.498,0.815,1,0.105,-8.987,1,0.0727,110.891,0.0575,1
0.173,0.788,185753,0.64,1.16E-06,5,0.152,-5.661,0,0.239,145.884,0.448,1
0.284,0.844,147395,0.772,2.38E-06,7,0.368,-4.621,1,0.194,100.008,0.336,1
0.076,0.813,195853,0.627,0.000616,11,0.131,-5.018,0,0.0486,130.011,0.801,1
0.368,0.618,169512,0.565,0.0211,1,0.105,-8.915,1,0.0474,124.949,0.302,1
0.384,0.498,212615,0.623,0.000241,8,0.0742,-8.813,0,0.118,156.984,0.0864,1
0.451,0.858,100347,0.458,4.32E-06,6,0.108,-8.492,0,0.121,133.965,0.242,1
0.272,0.576,178977,0.73,0.000898,11,0.134,-5.289,0,0.0461,88.502,0.164,1
0.375,0.841,163107,0.47,0.128,7,0.134,-11.382,1,0.164,103.038,0.448,1
0.0454,0.465,182000,0.795,0,1,0.104,-5.354,1,0.221,120.088,0.147,1
0.00273,0.769,232046,0.506,0,0,0.0832,-11.658,1,0.0452,120.004,0.102,1
0.0165,0.739,136000,0.273,0.861,0,0.109,-8.942,1,0.0361,99.976,0.17,1
0.0226,0.673,183063,0.677,1.07E-06,1,0.09,-9.926,0,0.113,152.02,0.58,1
0.185,0.724,185143,0.939,0,2,0.123,0.147,0,0.363,139.999,0.712,1
0.0195,0.558,182697,0.674,4.39E-06,5,0.0599,-7.378,0,0.183,159.977,0.271,1
0.697,0.227,178107,0.431,0.464,9,0.0916,-9.275,0,0.0311,79.454,0.037,1
0.0185,0.624,172500,0.973,3.69E-06,11,0.0751,-2.279,0,0.0638,127.959,0.56,1
0.0938,0.663,361947,0.567,0.00978,5,0.124,-5.941,0,0.0309,108.959,0.139,1
0.0104,0.7,176444,0.703,0,7,0.0981,-4.794,0,0.0308,90.018,0.338,1
0.0931,0.716,143226,0.685,0.00357,6,0.258,-6.632,1,0.275,124.092,0.335,1
0.000743,0.62,260787,0.944,0.00263,11,0.0481,-3.18,0,0.0451,127.994,0.375,1
0.00312,0.657,196385,0.607,0,1,0.0758,-3.968,0,0.0337,131.993,0.0689,1
0.0572,0.587,177641,0.837,2.43E-06,1,0.0533,-4.084,1,0.419,160.132,0.579,1
0.0682,0.588,192888,0.424,0,1,0.181,-10.463,1,0.414,119.939,0.0587,1
0.0548,0.69,155880,0.52,0,4,0.101,-9.435,0,0.425,99.626,0.279,1
0.122,0.854,157079,0.852,0,11,0.249,-4.746,0,0.121,99.995,0.813,1
0.426,0.821,134054,0.592,0,1,0.0599,-4.82,1,0.0873,111.052,0.498,1
0.116,0.552,142124,0.492,3.77E-05,4,0.117,-11.475,0,0.266,175.215,0.082,1
0.0059,0.55,134997,0.566,0,5,0.139,-5.032,0,0.0283,109.92,0.123,1
0.0263,0.558,200000,0.727,0,1,0.184,-3.659,1,0.12,149.952,0.443,1
0.0949,0.848,170227,0.745,0,6,0.0796,-3.052,0,0.221,137.024,0.516,1
0.149,0.827,145902,0.83,0.0306,8,0.163,-7.432,0,0.105,126.013,0.512,1
0.0162,0.449,217944,0.973,1.63E-06,7,0.0828,-4.609,1,0.184,195.97,0.366,1
0.000726,0.421,199167,0.975,1.27E-06,2,0.353,-2.622,0,0.0639,90.006,0.687,1
2.27E-05,0.492,206445,0.932,0.0834,8,0.224,-5.655,1,0.117,129.974,0.159,1
0.0693,0.616,174759,0.678,3.12E-05,5,0.135,-7.628,0,0.0361,132.028,0.543,1
0.0135,0.807,253000,0.741,0.0316,1,0.06,-4.472,1,0.083,108.989,0.558,1
0.0626,0.747,144000,0.861,9.96E-05,4,0.291,-6.396,0,0.111,119.965,0.271,1
0.0533,0.878,157067,0.619,0,6,0.113,-5.56,1,0.102,136.041,0.639,1
0.128,0.9,148062,0.868,0,10,0.534,-3.465,0,0.102,107.669,0.819,1
0.144,0.467,164712,0.796,0,7,0.116,-3.487,1,0.048,77.962,0.236,1
0.0353,0.473,165706,0.646,0,7,0.256,-7.891,0,0.0713,155.113,0.254,1
0.249,0.598,197500,0.453,0.000205,6,0.111,-14.43,0,0.255,89.076,0.27,1
0.0333,0.766,141147,0.533,0,7,0.042,-12.056,1,0.0681,109.979,0.474,1
0.00614,0.49,193867,0.331,2.88E-06,5,0.113,-14.68,0,0.0401,164.167,0.524,1
0.69,0.701,232642,0.234,0.0225,2,0.359,-16.968,0,0.0576,89.985,0.481,1
0.274,0.352,177250,0.305,0.00146,10,0.109,-14.975,0,0.0625,136.496,0.288,1
0.104,0.425,143286,0.707,0.00655,6,0.231,-7.658,0,0.0709,155.118,0.414,1
0.000378,0.551,220055,0.957,0.023,2,0.349,-3.609,1,0.0986,104.988,0.148,1
0.0111,0.637,250000,0.571,0.732,4,0.13,-11.404,0,0.0333,142.034,0.0553,1
0.169,0.714,216912,0.892,2.62E-05,5,0.166,-2.253,0,0.365,105.003,0.661,1
0.283,0.702,160000,0.615,0.000113,0,0.314,-11.868,1,0.0899,89.986,0.503,1
0.195,0.639,173806,0.793,0,7,0.187,-6.165,0,0.202,141.97,0.496,1
0.231,0.71,291450,0.458,0.000195,10,0.1,-9.929,1,0.0874,113.95,0.262,1
0.0625,0.547,195200,0.917,0.00163,8,0.201,-2.484,1,0.0345,150.063,0.294,1
0.0262,0.695,211853,0.608,4.08E-06,1,0.157,-6.117,1,0.0341,120.002,0.394,1
0.0744,0.645,156190,0.778,1.54E-06,6,0.147,-3.757,0,0.275,126.041,0.405,1
0.259,0.749,173258,0.886,0.000172,5,0.342,-4.421,0,0.13,125.045,0.547,1
0.466,0.717,177397,0.678,2.54E-05,5,0.0717,-7.303,1,0.244,114.803,0.0818,1
0.00442,0.781,168397,0.718,0,11,0.132,-7.814,0,0.387,123.992,0.304,1
0.642,0.506,264000,0.434,0.00373,8,0.112,-9.392,0,0.0635,179.834,0.126,1
0.0203,0.58,224000,0.879,8.37E-06,6,0.617,-4.093,0,0.251,120.003,0.316,1
0.208,0.525,192366,0.523,1.09E-06,3,0.202,-9.078,0,0.0905,130.886,0.302,1
0.0255,0.589,100800,0.591,6.52E-05,1,0.169,-6.501,0,0.0365,99.529,0.327,1
0.05,0.721,189133,0.805,0,9,0.153,-4.134,0,0.0927,118.058,0.653,1
0.129,0.688,158272,0.708,5.18E-06,1,0.12,-6.953,1,0.253,169.98,0.507,1
0.0158,0.877,139076,0.774,0.11,1,0.111,-3.897,1,0.0732,145.023,0.292,1
0.352,0.732,183952,0.604,0,1,0.542,-9.895,1,0.272,123.989,0.446,1
0.0163,0.609,127579,0.863,5.05E-06,1,0.0819,-6.063,1,0.0531,94.994,0.458,1
0.265,0.581,243138,0.491,0,4,0.214,-10.944,0,0.2,131.523,0.219,1
0.44,0.425,310535,0.446,0.172,1,0.0845,-11.978,1,0.269,179.552,0.095,1
0.193,0.814,177288,0.558,0.000342,10,0.0969,-7.588,0,0.0652,130.018,0.25,1
0.00359,0.966,242448,0.519,0,1,0.254,-5.682,1,0.306,122.195,0.119,1
0.167,0.492,161163,0.945,1.40E-06,0,0.515,-3.152,0,0.0655,170.077,0.563,1
0.121,0.667,187381,0.601,0,3,0.144,-6.899,0,0.209,104.979,0.376,1
0.0028,0.591,235885,0.934,0,5,0.319,-2.951,1,0.282,107.013,0.357,1
0.366,0.534,243000,0.578,0.00432,7,0.119,-7.541,0,0.123,159.832,0.252,1
0.134,0.342,205213,0.573,0,6,0.229,-8.397,1,0.258,89.674,0.271,1
2.23E-05,0.353,255733,0.898,0.105,2,0.39,-5.877,1,0.052,103.293,0.525,1
8.18E-05,0.496,206471,0.915,1.82E-06,6,0.0471,-4.853,1,0.0878,100.031,0.346,1
0.155,0.412,187756,0.358,9.15E-06,2,0.0896,-9.415,0,0.0372,141.922,0.119,1
0.0473,0.822,133419,0.623,0,9,0.0991,-6.928,1,0.14,155,0.653,1
2.60E-05,0.514,225964,0.991,2.58E-05,4,0.369,-4.685,1,0.108,139.969,0.251,1
0.101,0.851,173000,0.56,6.98E-06,9,0.128,-6.206,1,0.0939,101.057,0.481,1
0.124,0.786,239516,0.688,3.30E-05,0,0.161,-5.175,0,0.163,77.531,0.489,1
0.624,0.515,226789,0.691,0,5,0.121,-4.028,0,0.0344,169.521,0.484,1
0.469,0.418,157326,0.445,0,5,0.123,-5.407,1,0.227,175.686,0.608,1
0.0556,0.657,155288,0.418,0.0311,1,0.117,-12.513,1,0.2,150.029,0.136,1
0.136,0.925,89652,0.332,1.27E-05,7,0.121,-10.843,1,0.232,99.995,0.234,1
0.0182,0.747,137360,0.588,0.0129,1,0.1,-7.412,1,0.0733,94.095,0.398,1
0.00471,0.765,146264,0.725,0.000194,3,0.154,-3.391,0,0.142,75.003,0.578,1
0.0019,0.824,162353,0.904,2.28E-05,1,0.0816,-4.844,1,0.146,101.96,0.334,1
0.357,0.764,143701,0.752,0.0739,7,0.112,-8.164,1,0.138,85.005,0.729,1
0.0778,0.752,182727,0.401,0.000117,3,0.208,-7.072,0,0.0512,110.016,0.465,1
0.000959,0.319,621027,0.584,0.504,7,0.0662,-10.122,1,0.0416,88.241,0.154,1
0.775,0.677,187310,0.301,0.00162,1,0.0814,-12.892,0,0.245,170.034,0.091,1
0.0288,0.83,197957,0.57,3.76E-06,10,0.143,-9.423,1,0.18,89.975,0.69,1
0.562,0.488,159783,0.311,0.000548,10,0.161,-11.467,0,0.297,184.112,0.579,1
0.366,0.625,307347,0.523,2.54E-06,1,0.0826,-8.227,0,0.0369,139.964,0.191,1
0.163,0.405,368720,0.619,0.000322,11,0.0788,-8.92,0,0.0618,120.087,0.234,1
0.118,0.802,177267,0.386,0.000518,2,0.102,-11.027,1,0.0567,130.041,0.37,1
0.00112,0.766,188013,0.821,0,1,0.168,-6.124,1,0.268,130.073,0.299,1
0.0312,0.706,163413,0.659,0.011,10,0.116,-9.23,1,0.337,82.5,0.204,1
0.136,0.838,208952,0.816,0.000437,8,0.156,-7.495,1,0.124,120.003,0.55,1
0.000347,0.214,355540,0.969,0.246,11,0.138,-3.924,1,0.106,159.948,0.0369,1
0.211,0.714,173208,0.411,0.0046,6,0.0536,-13.575,0,0.0742,80.028,0.319,1
1.33E-05,0.412,294027,0.942,0.286,7,0.159,-7.566,1,0.0708,101.892,0.211,1
5.16E-05,0.506,426680,0.877,0.776,0,0.0712,-5.73,1,0.032,114.589,0.302,1
0.00155,0.375,363067,0.682,0.6,0,0.0897,-6.901,0,0.0364,159.231,0.391,1
0.521,0.872,174872,0.533,2.64E-05,7,0.104,-6.209,0,0.0604,116.986,0.35,1
3.45E-05,0.296,239293,0.912,0.00264,5,0.389,-3.433,1,0.0645,171.931,0.276,1
0.0105,0.773,164227,0.731,0.312,1,0.101,-8.856,0,0.0958,113.996,0.447,1
0.368,0.607,235826,0.486,0,8,0.292,-9.65,0,0.0426,115.014,0.221,1
0.000867,0.52,240572,0.981,0.00177,2,0.197,-2.75,1,0.0906,158.937,0.633,1
0.101,0.735,208500,0.681,0,4,0.222,-4.025,0,0.188,184.146,0.675,1
0.0291,0.742,129025,0.682,0.00357,10,0.652,-3.184,1,0.174,103.999,0.737,1
0.0267,0.768,167296,0.769,0.00011,8,0.283,-6.575,1,0.0683,82.52,0.536,1
0.179,0.661,163805,0.723,1.23E-05,5,0.14,-6.976,0,0.0566,113.778,0.316,1
0.000683,0.499,340132,0.97,0.136,0,0.0871,-2.838,1,0.116,106.558,0.0506,1
0.00591,0.398,342821,0.939,0.000881,9,0.357,-2.865,0,0.0648,92.027,0.235,1
0.214,0.746,206187,0.787,0,4,0.0669,-6.373,1,0.12,95.005,0.607,1
0.234,0.918,236000,0.837,0,1,0.227,-6.792,1,0.255,120.017,0.855,1
0.191,0.681,194120,0.514,0.0207,1,0.0983,-6.272,0,0.0676,150.979,0.145,1
0.526,0.343,276138,0.464,2.91E-05,8,0.12,-8.427,0,0.054,84.484,0.182,1
0.164,0.656,160008,0.516,8.20E-06,10,0.139,-8.215,0,0.0468,75.012,0.321,1
0.117,0.565,171429,0.818,2.45E-06,6,0.213,-4.884,0,0.298,168.056,0.261,1
0.0425,0.611,205031,0.658,0.000638,5,0.146,-7.764,0,0.275,146.977,0.453,1
0.251,0.373,184000,0.309,7.18E-05,8,0.38,-10.659,0,0.253,181.118,0.213,1
0.0249,0.832,228571,0.672,0.758,11,0.0833,-2.867,1,0.054,126.021,0.57,1
0.194,0.65,168000,0.737,5.09E-06,9,0.0949,-5.018,0,0.0402,130.015,0.376,1
0.317,0.379,174375,0.43,0.0725,1,0.0861,-11.445,1,0.0509,99.93,0.0586,1
0.686,0.713,139440,0.29,0.807,7,0.318,-16.365,1,0.0647,124.941,0.121,1
0.682,0.634,243774,0.318,0.0247,6,0.0845,-15.932,0,0.117,129.987,0.151,1
0.000536,0.38,199881,0.994,0.00128,7,0.0956,-4.638,1,0.124,96.325,0.267,1
0.00814,0.699,193372,0.578,3.18E-06,2,0.0662,-7.886,1,0.042,96.001,0.147,1
0.15,0.888,183529,0.511,0.00164,5,0.0935,-7.412,0,0.0649,136.007,0.762,1
0.232,0.802,122044,0.54,0.000165,10,0.113,-8.696,0,0.0377,120.038,0.222,1
0.0595,0.797,124278,0.984,0.000112,6,0.17,-0.636,1,0.312,174.001,0.515,1
0.134,0.552,213677,0.814,0,5,0.111,-4.799,1,0.253,155.095,0.193,1
0.154,0.379,184562,0.797,0,5,0.149,-2.31,0,0.132,79.487,0.579,1
0.0468,0.707,227364,0.835,0,3,0.365,-1.105,0,0.039,99.985,0.306,1
0.373,0.835,258880,0.413,0.00133,1,0.101,-9.81,1,0.396,149.004,0.111,1
0.0379,0.771,284571,0.778,0,11,0.11,-5.695,0,0.249,140.047,0.445,1
0.0131,0.749,196607,0.535,3.65E-05,4,0.0982,-6.785,1,0.0336,123.042,0.601,1
0.158,0.622,180012,0.45,0.0213,0,0.0964,-11.473,0,0.0325,100.014,0.123,1
0.0157,0.665,274480,0.723,3.36E-06,5,0.289,-6.235,0,0.139,154.029,0.321,1
0.544,0.515,209274,0.479,0.00598,3,0.191,-7.458,1,0.0261,88.964,0.284,1
0.176,0.799,208000,0.822,0.00176,7,0.615,-6.883,1,0.128,104.979,0.523,1
0.00791,0.467,185366,0.821,0.000441,7,0.131,-5.466,1,0.0934,122.676,0.232,1
0.177,0.88,157606,0.751,6.43E-05,7,0.106,-4.258,0,0.0874,117.948,0.884,1
0.209,0.723,146431,0.698,0.000795,0,0.0513,-3.155,0,0.287,169.837,0.529,1
0.204,0.864,145714,0.425,0.00058,2,0.0863,-8.634,1,0.0859,87.535,0.407,1
0.335,0.547,213343,0.899,0.376,9,0.157,-5.656,0,0.0307,134.995,0.446,1
0.249,0.938,106527,0.565,0,0,0.0758,-9.192,0,0.0896,130.063,0.358,1
0.0375,0.662,152790,0.77,1.66E-05,11,0.0713,-6.765,0,0.0431,131.91,0.278,1
0.00611,0.717,202264,0.369,0.133,8,0.102,-5.723,1,0.0404,80.527,0.241,1
0.175,0.695,176136,0.766,0,9,0.0752,-7.507,0,0.11,131.918,0.514,1
0.0206,0.716,193920,0.89,0,8,0.235,-5.399,0,0.0375,125.016,0.556,1
0.191,0.443,153600,0.737,1.16E-06,7,0.27,-1.853,0,0.0605,99.646,0.263,1
0.201,0.656,197963,0.89,1.99E-06,5,0.101,-4.981,0,0.187,100.037,0.268,1
0.000436,0.505,275213,0.76,4.18E-05,10,0.139,-6.408,1,0.0414,106.058,0.244,1
0.0229,0.482,222400,0.867,1.30E-05,6,0.0844,-4.745,0,0.185,150.051,0.264,1
0.192,0.589,214975,0.853,0,0,0.0967,-4.225,1,0.0459,99.06,0.431,1
0.374,0.926,213120,0.354,0,10,0.49,-10.773,1,0.511,105.005,0.561,1
0.708,0.717,185520,0.577,0.00428,8,0.0899,-5.436,1,0.0491,104.927,0.235,1
0.0857,0.734,246818,0.715,1.00E-05,4,0.864,-6.437,0,0.338,176.026,0.764,1
0.539,0.759,177172,0.634,0.000228,5,0.183,-6.609,0,0.096,156.02,0.444,1
0.0615,0.575,160347,0.732,0,7,0.399,-5.536,0,0.107,78.489,0.585,1
0.0174,0.807,175500,0.674,6.35E-06,1,0.061,-6.94,1,0.119,94.984,0.788,1
0.0967,0.804,213333,0.406,0.0543,0,0.107,-7.523,0,0.287,123.015,0.57,1
0.00434,0.851,193054,0.657,0,6,0.0751,-7.506,0,0.207,140.001,0.518,1
0.435,0.776,189800,0.353,0,4,0.302,-8.317,0,0.0687,138.035,0.658,1
0.0453,0.861,208330,0.554,0.00475,8,0.101,-7.279,1,0.0914,82.496,0.749,1
0.0838,0.509,258467,0.763,0,1,0.792,-6.648,1,0.0538,125.856,0.0481,1
0.0707,0.678,186408,0.597,4.26E-06,1,0.197,-7.045,1,0.0422,116.979,0.114,1
0.0284,0.795,203022,0.306,0.0807,9,0.103,-11.75,0,0.044,94.028,0.246,1
0.0237,0.875,208182,0.451,0.00423,1,0.103,-5.87,0,0.0819,132.056,0.441,1
0.0103,0.679,189000,0.717,0.000151,0,0.169,-6.262,1,0.033,125.968,0.196,1
0.42,0.663,210000,0.69,0,11,0.11,-4.871,0,0.266,129.832,0.715,1
0.106,0.866,141370,0.407,0.0011,9,0.497,-10.237,1,0.149,145.971,0.305,1
0.0993,0.833,202500,0.627,0,7,0.177,-7.047,0,0.451,128.029,0.4,1
0.147,0.623,187795,0.494,0,4,0.275,-7.521,0,0.0618,115.132,0.26,1
0.0255,0.798,121051,0.827,0.192,2,0.11,-3.817,1,0.0943,115.995,0.142,1
0.136,0.806,149508,0.626,0.00224,10,0.0942,-6.797,1,0.0596,122.025,0.424,1
0.247,0.541,349186,0.432,0.0205,8,0.0423,-7.348,1,0.0698,156.027,0.171,1
0.0795,0.668,234000,0.546,0.000124,5,0.115,-6.788,0,0.101,156.069,0.346,1
0.119,0.648,169027,0.8,0,9,0.358,-6.978,1,0.833,186.297,0.4,1
0.00265,0.742,326427,0.849,0,1,0.366,-4.514,1,0.0871,130.041,0.352,1
0.0475,0.831,168165,0.739,1.60E-06,1,0.26,-6.297,1,0.132,113.067,0.328,1
0.0422,0.764,178217,0.507,1.42E-06,1,0.128,-6.879,1,0.303,205.99,0.356,1
0.0742,0.781,137664,0.673,0.0131,2,0.134,-4.766,1,0.0363,106.989,0.303,1
0.00436,0.549,84558,0.497,0,3,0.0698,-8.645,0,0.22,65.919,0.113,1
0.0505,0.585,193567,0.895,0.00423,11,0.32,-3.663,0,0.136,119.904,0.181,1
0.699,0.741,157855,0.782,2.35E-06,2,0.222,-6.52,0,0.0282,111.005,0.328,1
0.309,0.635,223480,0.562,2.01E-06,10,0.11,-8.92,0,0.168,181.014,0.288,1
0.0921,0.714,180137,0.905,0.00149,4,0.0863,-5.137,0,0.245,118.119,0.362,1
0.0113,0.761,181883,0.883,0.000211,2,0.164,-4.474,1,0.0501,122.039,0.676,1
0.254,0.572,207187,0.572,0,6,0.191,-8.324,1,0.301,94.897,0.61,1
0.123,0.631,198375,0.736,0,0,0.337,-4.391,1,0.136,80.023,0.311,1
0.192,0.855,160000,0.404,5.56E-05,8,0.0796,-9.284,1,0.349,156.037,0.363,1
0.172,0.68,194520,0.559,0,0,0.318,-5.545,1,0.129,202.006,0.137,1
0.0206,0.8,128418,0.505,2.05E-05,0,0.198,-6.54,1,0.115,114.972,0.179,1
0.161,0.665,147305,0.905,0.0669,7,0.907,-5.785,1,0.253,114.938,0.288,1
0.0776,0.625,206472,0.45,0.000217,9,0.117,-9.985,1,0.0311,92.974,0.0362,1
0.00454,0.81,192000,0.735,0.0828,8,0.115,-4.522,1,0.171,119.994,0.134,1
0.541,0.875,248745,0.519,1.09E-05,1,0.109,-3.056,1,0.0663,110.018,0.0568,1
0.123,0.578,354064,0.42,1.66E-05,5,0.196,-12.558,1,0.19,159.853,0.208,1
0.118,0.845,242227,0.832,0.02,11,0.132,-6.315,0,0.068,105.025,0.846,1
0.00316,0.653,209267,0.964,0.00512,9,0.144,-4.261,0,0.0582,126.928,0.87,1
0.304,0.808,175049,0.59,0.107,8,0.0827,-5.725,1,0.327,164.021,0.66,1
0.055,0.561,221818,0.82,0,2,0.0663,-3.649,1,0.0359,131.965,0.387,1
0.513,0.536,322587,0.708,0,6,0.0951,-7.882,1,0.758,78.33,0.09,1
0.0585,0.786,202839,0.675,0,6,0.104,-6.585,0,0.104,155.065,0.548,1
0.037,0.759,190960,0.54,0,9,0.0945,-6.039,0,0.0287,116.947,0.75,1
0.00647,0.869,184840,0.554,7.48E-06,6,0.0662,-5.604,0,0.0494,113.327,0.796,1
0.229,0.658,183602,0.814,0.00676,0,0.216,-4.631,1,0.0558,108.016,0.69,1
0.0281,0.65,145636,0.824,0.00148,0,0.575,-3.969,1,0.104,140.082,0.251,1
0.0438,0.679,237853,0.797,0,2,0.0748,-4.627,1,0.338,117.018,0.609,1
0.00456,0.938,165690,0.579,0.000578,9,0.27,-6.651,0,0.0665,115.987,0.62,1
0.0532,0.721,194909,0.721,0.000322,2,0.11,-4.458,1,0.065,165.067,0.374,1
0.548,0.59,313613,0.596,5.16E-06,5,0.463,-7.932,0,0.037,83.113,0.692,1
0.00286,0.52,235202,0.756,0.00013,8,0.389,-7.164,1,0.0533,149.896,0.362,1
0.205,0.736,295420,0.447,1.05E-06,4,0.3,-10.564,0,0.0889,103.919,0.0664,1
0.278,0.765,153351,0.542,1.87E-05,1,0.609,-6.755,1,0.39,171.945,0.734,1
0.116,0.574,241307,0.823,0,0,0.0898,-4.322,0,0.124,154.053,0.256,1
0.306,0.617,215103,0.423,0,9,0.102,-8.187,1,0.0496,126.798,0.237,1
0.596,0.789,248040,0.786,0,2,0.0997,-4.788,1,0.297,119.957,0.39,1
0.254,0.862,278129,0.71,3.18E-06,2,0.106,-6.378,1,0.287,139.93,0.528,1
0.28,0.762,207638,0.7,1.41E-06,7,0.137,-8.276,1,0.11,88.994,0.733,1
0.638,0.746,261224,0.534,0,11,0.109,-7.835,0,0.0484,130.048,0.368,1
0.0109,0.646,189000,0.687,0.000302,6,0.111,-5.362,0,0.0342,159.934,0.325,1
0.0313,0.837,193411,0.543,0,8,0.106,-7.841,1,0.174,147.991,0.675,1
0.135,0.853,191787,0.556,2.10E-06,9,0.243,-7.537,1,0.443,149.99,0.502,1
0.252,0.899,185694,0.631,0,1,0.0789,-7.906,0,0.363,135.019,0.796,1
0.296,0.731,189804,0.654,3.66E-06,1,0.51,-6.618,0,0.0548,152.916,0.786,1
0.0663,0.877,130121,0.781,0,11,0.211,-4.574,1,0.278,83.025,0.736,1
0.551,0.829,242483,0.551,0.0884,1,0.117,-8.833,1,0.063,109.975,0.296,1
0.0554,0.553,213360,0.486,0.000286,9,0.14,-8.036,0,0.0499,75.013,0.158,1
0.802,0.588,217351,0.189,2.27E-06,6,0.114,-15.317,0,0.0468,127.916,0.554,1
0.195,0.835,186593,0.819,0.000603,1,0.336,-7.625,1,0.0308,119.017,0.914,1
0.017,0.823,230000,0.826,0.00104,9,0.0905,-6.213,0,0.0477,121.003,0.443,1
0.198,0.81,255360,0.69,0,0,0.113,-7.136,1,0.0502,125.019,0.798,1
0.312,0.788,176480,0.427,0,4,0.0876,-8.502,0,0.135,106.002,0.817,1
0.369,0.748,252000,0.495,2.46E-06,9,0.29,-7.533,0,0.0613,90.068,0.372,1
0.0363,0.56,184005,0.774,4.84E-05,1,0.365,-5.114,1,0.431,119.919,0.459,1
0.112,0.73,225750,0.756,7.23E-05,8,0.287,-6.361,1,0.175,159.908,0.224,1
0.0551,0.816,167084,0.683,0,8,0.132,-4.785,0,0.063,125.016,0.331,1
0.698,0.84,154947,0.4,0.00143,5,0.116,-11.807,0,0.0516,124.009,0.381,1
0.0763,0.695,160000,0.628,2.97E-06,6,0.126,-6.999,0,0.0671,164.95,0.334,1
0.0753,0.912,156000,0.487,0.0629,9,0.207,-7.743,1,0.209,120.1,0.147,1
0.0707,0.7,134463,0.63,0.00105,11,0.105,-8.007,1,0.148,150.005,0.378,1
0.169,0.737,224000,0.682,0.000729,8,0.122,-5.924,1,0.104,180.026,0.373,1
0.0389,0.775,184443,0.494,0,8,0.198,-6.839,1,0.259,120.047,0.176,1
0.464,0.504,187227,0.717,7.29E-06,5,0.256,-6.809,1,0.0465,104.659,0.535,1
0.00677,0.812,169812,0.805,0,9,0.0833,-3.83,0,0.243,119.958,0.568,1
0.0105,0.642,182791,0.876,0,2,0.0613,-3.526,1,0.0823,172.002,0.52,1
0.334,0.6,162400,0.768,2.58E-06,3,0.116,-7.284,0,0.0653,118.089,0.402,1
0.231,0.715,156227,0.924,7.13E-05,3,0.109,-4.965,0,0.0531,132.017,0.699,1
0.625,0.466,304882,0.424,0.000233,3,0.0903,-8.929,1,0.0292,111.136,0.0996,1
0.137,0.833,175000,0.918,0.0698,0,0.239,-5.601,1,0.0914,124.993,0.481,1
0.042,0.801,202920,0.815,4.42E-06,11,0.0741,-4.81,1,0.148,90.017,0.37,1
0.068,0.724,150875,0.879,0.834,0,0.357,-6.739,1,0.036,105.019,0.237,1
0.0595,0.889,179760,0.716,0.0409,7,0.168,-6.146,1,0.0708,128.022,0.296,1
0.751,0.501,182161,0.405,0,1,0.105,-5.679,1,0.0319,109.891,0.446,1
0.443,0.688,205687,0.53,0,11,0.0995,-5.507,1,0.0333,106.958,0.162,1
0.0744,0.439,205875,0.931,1.13E-06,11,0.743,-3.478,0,0.288,160.16,0.504,1
0.04,0.843,166485,0.734,0,1,0.143,-5.383,1,0.12,106.976,0.0421,1
0.0121,0.757,181973,0.933,0,7,0.114,-4.886,1,0.184,115.99,0.33,1
0.000622,0.539,273750,0.781,0.000724,1,0.314,-8.1,1,0.377,127.94,0.4,1
0.32,0.687,219264,0.496,0.796,0,0.138,-8.383,0,0.235,124.974,0.0632,1
0.103,0.607,182400,0.55,2.60E-05,0,0.126,-10.581,0,0.0561,100.031,0.227,1
0.186,0.548,272394,0.532,0.000263,5,0.217,-7.596,1,0.0323,85.03,0.405,1
0.00378,0.529,180000,0.743,5.46E-06,1,0.0432,-6.865,1,0.091,112.985,0.616,1
0.536,0.909,212911,0.551,0.000243,6,0.0714,-4.849,0,0.057,122.034,0.576,1
0.129,0.801,193182,0.598,0,0,0.406,-3.112,1,0.0425,131.937,0.331,1
0.374,0.662,215110,0.761,0.0021,0,0.151,-5.675,1,0.16,102.564,0.333,1
0.0243,0.748,250560,0.552,0.0132,8,0.0589,-7.389,0,0.0339,125.041,0.687,1
0.607,0.727,167109,0.561,0,4,0.0846,-6.79,0,0.253,127.985,0.53,1
0.467,0.62,221053,0.753,0,9,0.0782,-6.648,0,0.187,151.93,0.5,1
0.44,0.772,219930,0.812,0,2,0.308,-2.207,0,0.0547,142.016,0.787,1
0.398,0.711,165517,0.641,9.64E-05,2,0.122,-7.161,1,0.272,145.067,0.389,1
0.0294,0.839,157093,0.638,2.04E-06,9,0.105,-5.905,1,0.194,141.044,0.314,1
0.166,0.78,198523,0.644,3.59E-06,5,0.183,-8.093,0,0.331,112.848,0.612,1
0.0311,0.885,195992,0.543,0,2,0.154,-6.338,1,0.2,99.026,0.43,1
0.176,0.737,220293,0.659,0,9,0.134,-5.621,1,0.264,191.965,0.465,1
0.145,0.722,245413,0.764,0,10,0.171,-5.656,0,0.398,139.831,0.796,1
0.101,0.67,217913,0.826,0,11,0.129,-4.913,1,0.381,70.955,0.521,1
0.0192,0.509,282773,0.875,0.000119,6,0.0836,-5.085,0,0.0491,94.871,0.587,1
0.0603,0.82,298164,0.685,1.82E-05,1,0.671,-7.093,1,0.288,91.98,0.462,1
0.0271,0.699,135816,0.576,0,11,0.0916,-9.519,0,0.301,160.109,0.335,1
0.241,0.768,194327,0.522,5.57E-05,9,0.112,-8.081,0,0.0762,110.057,0.435,1
0.492,0.726,231130,0.795,1.95E-06,7,0.113,-6.575,0,0.348,115.034,0.725,1
0.00177,0.685,215907,0.969,0.294,2,0.0385,-4.426,1,0.106,91.992,0.286,1
0.346,0.797,232200,0.72,0,11,0.194,-5.335,0,0.266,99.907,0.525,1
0.24,0.843,388467,0.438,0.684,0,0.3,-10.285,1,0.088,121.009,0.546,1
0.13,0.682,196267,0.653,0.00116,8,0.129,-6.062,1,0.339,188.115,0.428,1
0.28,0.709,228283,0.777,0,8,0.0988,-5.988,0,0.163,139.993,0.48,1
0.608,0.593,176471,0.469,0,0,0.105,-6.474,0,0.214,203.764,0.538,1
0.267,0.718,232427,0.711,0,6,0.377,-5.683,0,0.0409,102.97,0.589,1
0.159,0.887,296941,0.725,0,2,0.333,-6.534,1,0.295,135.95,0.441,1
0.202,0.796,173760,0.467,3.32E-05,11,0.206,-6.293,1,0.34,179.974,0.4,1
0.0111,0.769,197179,0.898,0.000513,0,0.262,-2.813,0,0.0506,140.026,0.381,1
0.00413,0.507,211267,0.644,0,4,0.217,-7.485,1,0.0641,179.913,0.172,1
0.127,0.757,182400,0.832,0,4,0.167,-3.674,0,0.229,180.05,0.53,1
0.000568,0.497,229531,0.701,0.000287,7,0.352,-6.834,1,0.119,76.918,0.18,1
0.164,0.73,221048,0.753,0,5,0.13,-5.284,1,0.0549,119.939,0.287,1
0.0164,0.853,185799,0.725,0,7,0.0916,-5.79,1,0.0625,101.036,0.383,1
0.0539,0.71,182386,0.743,0,10,0.297,-4.877,0,0.0493,140.057,0.629,1
0.114,0.596,222292,0.954,0,10,0.486,-2.366,0,0.113,139.959,0.735,1
0.285,0.736,219506,0.792,8.38E-06,9,0.277,-4.49,0,0.0938,134.046,0.838,1
0.015,0.73,209399,0.887,0,6,0.136,-5.16,1,0.221,108.655,0.551,1
0.000575,0.719,236399,0.64,4.69E-06,6,0.0466,-4.82,0,0.284,78.006,0.804,1
0.11,0.725,177972,0.97,1.34E-05,1,0.364,-3.853,1,0.0589,110.016,0.694,1
0.414,0.742,209679,0.631,0,10,0.0848,-5.317,0,0.0377,108.002,0.306,1
0.324,0.838,174828,0.742,1.27E-05,6,0.0431,-3.471,0,0.0465,118.043,0.676,1
0.109,0.644,213659,0.836,0,9,0.17,-4.84,0,0.268,163.695,0.537,1
0.0454,0.776,208064,0.601,0,9,0.104,-6.032,0,0.0483,109.977,0.29,1
0.738,0.531,97160,0.338,0.296,5,0.111,-12.001,1,0.088,149.893,0.0709,1
0.0919,0.432,229107,0.348,6.09E-05,5,0.117,-8.662,0,0.0468,112.356,0.22,1
0.0123,0.606,202027,0.494,0.00163,8,0.113,-7.924,1,0.038,136.963,0.195,1
0.313,0.81,295653,0.73,0,11,0.105,-5.209,0,0.223,157.003,0.568,1
0.0135,0.496,185633,0.785,0.0158,11,0.107,-5.285,1,0.0471,150.034,0.229,1
0.443,0.867,219733,0.663,0,10,0.117,-5.838,0,0.178,121.978,0.481,1
0.228,0.733,183638,0.67,0,9,0.107,-8.238,1,0.0536,121.99,0.389,1
0.0093,0.375,211877,0.801,0,8,0.215,-2.914,0,0.0858,130.818,0.425,1
0.0441,0.809,226938,0.737,0,1,0.341,-5.186,1,0.108,80.025,0.367,1
0.103,0.592,190733,0.449,0.000138,11,0.0986,-8.948,0,0.0505,127.096,0.278,1
0.0875,0.66,248606,0.409,0.000773,8,0.0972,-8.8,1,0.0332,95.05,0.14,1
0.255,0.817,196190,0.581,0.00595,11,0.1,-6.95,0,0.324,114.958,0.396,1
0.658,0.66,116080,0.338,0.891,1,0.101,-16.442,1,0.0697,147.962,0.0393,1
0.759,0.662,135869,0.462,0,6,0.209,-4.896,0,0.0542,144.796,0.417,1
0.0418,0.808,233328,0.744,0.00025,11,0.0919,-7.074,1,0.22,139.938,0.308,1
0.0863,0.67,188875,0.784,2.01E-05,5,0.129,-4.415,1,0.0366,157.966,0.636,1
0.22,0.741,156512,0.556,0,7,0.0981,-6.647,0,0.0947,140.056,0.616,1
0.0235,0.736,192779,0.622,0,6,0.151,-4.653,0,0.133,191.971,0.506,1
0.0981,0.701,224537,0.715,0.823,1,0.106,-6.298,1,0.0387,102.994,0.56,1
0.00345,0.722,187651,0.887,1.47E-06,2,0.298,-3.604,1,0.0345,93.088,0.456,1
0.22,0.834,193440,0.777,0.00609,5,0.335,-4.538,0,0.0593,129.984,0.865,1
0.00339,0.763,180000,0.762,0.607,7,0.167,-7.379,1,0.0573,107.039,0.486,1
0.357,0.787,184848,0.734,0.00101,0,0.0625,-6.464,1,0.0701,98.989,0.634,1
0.00502,0.844,185000,0.617,0,11,0.0558,-12.748,0,0.116,107.999,0.159,1
0.784,0.846,155471,0.693,0.000417,9,0.339,-8.041,1,0.217,97.94,0.456,1
0.0187,0.766,140463,0.618,0.000115,11,0.181,-8.552,0,0.124,95.054,0.513,1
0.16,0.884,315347,0.492,0,1,0.359,-5.343,0,0.112,130.072,0.11,1
0.0527,0.552,221793,0.88,0,11,0.0756,-5.599,0,0.476,144.935,0.376,1
0.08,0.683,196555,0.472,0.00188,10,0.324,-9.34,0,0.0472,110.047,0.393,1
0.00324,0.692,217200,0.916,0.0027,9,0.0853,-3.005,1,0.0569,100.004,0.0861,1
0.00597,0.888,158757,0.586,0.0365,0,0.153,-6.745,1,0.0604,150.051,0.401,1
0.0611,0.73,162476,0.932,0.0451,8,0.327,-3.534,1,0.0476,124.035,0.868,1
0.0639,0.765,191493,0.622,0,5,0.207,-5.292,0,0.101,140.077,0.679,1
0.74,0.905,193143,0.389,0.162,8,0.106,-14.505,1,0.332,120.046,0.196,1
0.000168,0.572,180867,0.987,1.07E-05,4,0.519,-4.141,1,0.0816,107.966,0.39,1
0.0074,0.762,215061,0.533,0.00173,1,0.186,-9.154,1,0.0677,114.971,0.416,1
0.0481,0.856,174720,0.485,0,5,0.108,-5.519,0,0.0597,136.005,0.0929,1
0.00926,0.481,199959,0.944,0.000328,8,0.278,-3.665,1,0.231,165.02,0.396,1
0.149,0.88,172800,0.428,5.07E-05,9,0.114,-8.28,1,0.206,100.007,0.333,1
0.00401,0.608,191775,0.787,1.28E-06,1,0.22,-5.08,1,0.0548,77.229,0.533,1
0.0113,0.879,175668,0.744,0,5,0.372,-5.469,0,0.224,99.998,0.631,1
0.271,0.7,207568,0.579,0,5,0.103,-6.543,0,0.255,199.987,0.745,1
0.018,0.624,232800,0.648,2.68E-06,5,0.164,-7.958,0,0.0465,100.017,0.24,1
0.0143,0.479,239538,0.865,0,8,0.102,-3.837,0,0.0547,160.093,0.214,1
0.0172,0.629,190218,0.756,0.0084,1,0.379,-4.132,1,0.0443,105.978,0.325,1
0.362,0.779,235105,0.652,0,1,0.0851,-7.147,1,0.397,85.957,0.422,1
0.0194,0.773,272764,0.827,7.49E-05,5,0.0512,-3.147,0,0.128,95.013,0.916,1
0.219,0.885,189733,0.762,0,8,0.162,-5.513,0,0.216,138.059,0.605,1
0.133,0.715,161747,0.823,0,5,0.361,-5.313,0,0.0495,151.956,0.91,1
0.0119,0.279,558933,0.852,0.076,7,0.0624,-7.838,1,0.0511,117.418,0.438,1
0.0134,0.539,210088,0.824,0,7,0.795,-4.536,1,0.0461,169.846,0.583,1
0.00151,0.746,226286,0.704,0.0163,7,0.0718,-4.859,1,0.11,104.962,0.257,1
0.59,0.7,216414,0.775,0.00175,0,0.294,-6.382,1,0.189,140.015,0.655,1
0.262,0.613,130039,0.785,3.94E-05,2,0.107,-5.932,1,0.0971,119.888,0.0462,1
0.149,0.567,138031,0.855,0,11,0.132,-3.377,0,0.0708,160.071,0.348,1
0.522,0.62,269813,0.577,6.78E-05,1,0.168,-6.479,1,0.0687,81.499,0.12,1
0.45,0.741,171030,0.52,1.97E-06,8,0.222,-7.513,1,0.0656,102.998,0.347,1
0.755,0.654,240923,0.493,0.00013,4,0.341,-9.885,0,0.0617,129.919,0.626,1
0.343,0.821,160063,0.684,1.58E-06,7,0.234,-5.931,0,0.333,100.054,0.744,1
0.0157,0.368,214427,0.796,0,1,0.0694,-4.923,0,0.0823,170.033,0.181,1
0.0548,0.532,232187,0.642,0.000246,5,0.0991,-4.891,0,0.111,193.016,0.536,1
0.014,0.716,133995,0.805,3.10E-06,4,0.291,-3.839,1,0.0856,142.886,0.719,1
0.181,0.637,226973,0.713,0.000637,0,0.137,-4.333,1,0.0747,129.923,0.243,1
0.866,0.55,191787,0.376,0,7,0.0829,-9.153,0,0.0384,199.813,0.286,1
0.000459,0.598,194490,0.896,0.824,10,0.327,-3.7,0,0.0655,102.043,0.559,1
0.0695,0.677,189207,0.796,0,8,0.397,-6.749,1,0.0981,125.14,0.463,1
0.162,0.837,164885,0.769,0.000251,7,0.227,-6.045,1,0.22,122.948,0.681,1
0.0534,0.589,268867,0.731,0,2,0.308,-6.343,1,0.0868,87.908,0.191,1
0.0145,0.546,177600,0.822,0,7,0.742,-4.483,1,0.151,150.06,0.615,1
0.236,0.781,229375,0.722,0.00042,7,0.077,-8.376,1,0.0668,87.862,0.532,1
0.0195,0.81,225306,0.825,0.158,7,0.0639,-5.712,0,0.0671,111.957,0.616,1
0.00471,0.933,262827,0.664,0,1,0.0908,-11.281,1,0.311,128.467,0.616,1
0.131,0.531,209480,0.882,0,7,0.152,-4.883,0,0.121,105.634,0.477,1
0.103,0.707,278893,0.632,1.09E-05,10,0.0841,-7.031,1,0.0789,97.04,0.372,1
0.0185,0.592,202563,0.731,0,7,0.726,-5.794,0,0.0404,166.028,0.392,1
0.00022,0.762,151983,0.754,0.0665,0,0.146,-3.425,0,0.046,129.026,0.715,1
0.1,0.414,186268,0.416,0.179,11,0.131,-8.024,0,0.0251,159.91,0.196,1
0.118,0.767,192229,0.561,0,2,0.0737,-7.418,0,0.0509,90.021,0.542,1
0.976,0.356,99658,0.143,1.89E-05,9,0.111,-15.148,1,0.0388,75.522,0.334,1
0.463,0.574,225707,0.714,0,11,0.172,-6.113,0,0.0705,175.069,0.687,1
0.0263,0.651,194000,0.687,0.0456,11,0.0938,-8.34,0,0.0837,150.984,0.268,1
0.0274,0.625,251147,0.833,0,7,0.264,-5.389,0,0.0347,126.013,0.581,1
0.0204,0.567,212267,0.852,0,9,0.2,-4.086,0,0.108,132.946,0.552,1
0.0968,0.656,208233,0.723,0,11,0.343,-4.975,0,0.0262,105.049,0.904,1
0.0272,0.774,260560,0.711,0.252,7,0.179,-5.78,1,0.0336,104.996,0.348,1
0.842,0.611,132000,0.337,0.929,5,0.114,-13.992,1,0.0518,119.963,0.163,1
0.454,0.662,230960,0.698,0,1,0.282,-5.464,1,0.113,171.859,0.734,1
0.683,0.58,189133,0.491,0,7,0.122,-5.156,1,0.0473,83.81,0.843,1
0.315,0.79,172094,0.58,1.86E-06,2,0.497,-5.992,0,0.134,112.932,0.841,1
0.00282,0.598,212341,0.911,7.06E-05,9,0.321,-6.332,1,0.213,103.63,0.473,1
0.513,0.797,206267,0.55,0,9,0.0786,-4.166,1,0.24,134.206,0.543,1
0.104,0.817,205577,0.888,0,1,0.417,-4.821,1,0.288,120.023,0.855,1
0.137,0.766,221096,0.454,0.081,0,0.13,-7.521,1,0.0761,145.907,0.223,1
0.253,0.626,161701,0.649,0,6,0.213,-3.145,0,0.0609,150.07,0.364,1
0.114,0.618,181720,0.845,0,2,0.415,0.175,1,0.132,171.921,0.486,1
0.0934,0.567,210926,0.913,0.000124,8,0.114,-6.471,1,0.0736,93.35,0.792,1
0.0161,0.636,196552,0.805,0,9,0.0793,-4.594,1,0.327,92.958,0.908,1
0.135,0.789,249253,0.736,0,2,0.681,-6.279,0,0.0898,81.016,0.782,1
0.00998,0.912,216412,0.931,3.56E-06,11,0.0388,-3.713,0,0.124,130.046,0.828,1
0.024,0.79,196250,0.583,0.312,10,0.105,-5.803,1,0.0731,147.945,0.132,1
0.00117,0.77,229002,0.542,0.65,7,0.0685,-9.529,0,0.0395,109.005,0.0789,1
0.000844,0.645,229670,0.717,0,1,0.183,-5.056,1,0.293,137.136,0.383,1
0.0236,0.884,232959,0.559,0,0,0.101,-7.442,1,0.12,97.994,0.342,1
0.00826,0.68,187057,0.695,0.000412,6,0.199,-5.772,0,0.144,179.972,0.509,1
0.00513,0.613,200720,0.916,4.30E-05,8,0.228,-3.49,1,0.0753,122.068,0.527,1
0.0021,0.604,163000,0.748,0,8,0.083,-5.343,1,0.0849,120.178,0.52,1
0.192,0.365,203400,0.692,1.51E-06,3,0.0862,-4.586,0,0.0671,89.998,0.372,1
0.0314,0.495,246773,0.589,1.15E-06,9,0.18,-4.676,1,0.129,103.076,0.116,1
0.0152,0.817,213080,0.646,0,4,0.125,-5.12,0,0.249,162.898,0.835,1
0.0144,0.704,215613,0.874,3.73E-05,9,0.422,-4.866,0,0.094,107.549,0.607,1
0.39,0.766,231921,0.822,3.37E-05,1,0.349,-4.126,0,0.16,165.842,0.881,1
0.0471,0.669,201800,0.529,0.0295,8,0.215,-8.731,1,0.0353,104.044,0.269,1
0.013,0.564,146250,0.932,0.169,11,0.349,-10.068,1,0.0554,112.937,0.619,1
0.0146,0.737,210732,0.76,1.07E-06,0,0.134,-5.276,0,0.0553,122.992,0.531,1
0.0591,0.71,225987,0.888,0,2,0.134,-6.457,1,0.235,170.193,0.816,1
0.23,0.888,238733,0.815,0.000424,11,0.127,-4.909,0,0.0404,127.273,0.961,1
0.0193,0.911,178984,0.503,0,11,0.103,-9.01,1,0.0871,140.07,0.59,1
0.042,0.765,208261,0.893,0.000271,6,0.0331,-2.891,0,0.209,110.051,0.715,1
0.0213,0.447,243533,0.824,1.96E-06,11,0.145,-4.315,0,0.0364,99.405,0.554,1
0.0029,0.561,200760,0.823,0.00017,2,0.492,-4.851,1,0.097,93.504,0.525,1
0.00054,0.5,233129,0.817,0,0,0.152,-3.501,1,0.0459,90.01,0.599,1
0.00552,0.745,237240,0.346,0,1,0.0881,-7.709,1,0.331,203.911,0.112,1
0.0389,0.701,432850,0.729,0.755,1,0.11,-11.333,1,0.0425,128.996,0.0623,1
0.0691,0.951,211040,0.552,0,0,0.12,-5.969,0,0.279,105.018,0.425,1
0.00943,0.468,243973,0.729,0.00076,7,0.107,-6.993,1,0.0309,95.01,0.0876,1
0.121,0.798,211216,0.753,5.35E-06,7,0.101,-7.677,1,0.188,119.978,0.383,1
0.0361,0.908,113013,0.517,1.73E-06,1,0.0949,-6.063,1,0.129,136.019,0.471,1
0.342,0.703,114893,0.594,0,5,0.123,-6.146,0,0.0752,153.848,0.475,1
0.00135,0.855,156467,0.561,0,2,0.187,-5.105,1,0.277,157.016,0.408,1
6.90E-05,0.516,198067,0.987,0,4,0.121,-4.325,0,0.138,95.017,0.148,1
0.101,0.831,205427,0.502,0,10,0.122,-4.045,0,0.046,100.541,0.101,1
0.0718,0.912,180840,0.598,1.10E-06,6,0.0892,-7.718,0,0.0881,98.004,0.532,1
0.0389,0.503,188800,0.778,3.49E-06,10,0.111,-3.477,1,0.15,150.142,0.276,1
4.92E-05,0.54,179373,0.816,0.0104,1,0.0806,-7.334,1,0.031,98.028,0.242,1
0.209,0.875,182538,0.448,0.706,6,0.0833,-11.516,0,0.251,124.992,0.231,1
0.209,0.918,217283,0.355,0,9,0.195,-9.032,1,0.382,95.011,0.242,1
0.00721,0.481,271000,0.932,0,4,0.337,-4.592,0,0.083,149.992,0.543,1
0.463,0.411,207911,0.308,0,11,0.535,-8.249,1,0.0454,83.292,0.284,1
0.00402,0.636,185947,0.517,0,0,0.0874,-6.759,1,0.36,139.928,0.394,1
0.379,0.897,152416,0.65,0,7,0.155,-8.76,0,0.0691,125.994,0.533,1
0.000997,0.478,156000,0.93,2.57E-06,5,0.0478,-4.242,1,0.409,150.033,0.206,1
0.382,0.668,203484,0.645,2.67E-05,9,0.194,-7.334,0,0.0449,115.006,0.421,1
0.055,0.536,126204,0.649,0,2,0.341,-5.969,1,0.048,87.448,0.0864,1
0.0979,0.687,208200,0.624,0,8,0.141,-9.142,0,0.0709,130.096,0.297,1
0.424,0.631,129973,0.459,0.0025,8,0.118,-10.932,0,0.0277,75.94,0.274,1
0.0311,0.939,337941,0.551,0,1,0.192,-9.126,1,0.291,118.552,0.42,1
0.0606,0.544,204800,0.572,0,1,0.133,-5.211,0,0.0881,148.221,0.434,1
0.000249,0.269,299533,0.853,0.000246,7,0.118,-4.647,0,0.0854,141.581,0.179,1
0.141,0.676,203368,0.916,2.40E-05,11,0.219,-4.305,0,0.0727,94.992,0.337,1
0.608,0.808,175974,0.518,0.00217,8,0.12,-8.62,0,0.0867,121.071,0.193,1
0.265,0.798,211427,0.733,1.25E-06,7,0.114,-4.811,0,0.0476,146.046,0.861,1
0.0783,0.772,196612,0.705,0,8,0.124,-5.37,1,0.0925,166.077,0.587,1
0.0227,0.787,196721,0.585,4.16E-05,11,0.0451,-6.628,0,0.0476,122.011,0.332,1
0.31,0.781,158825,0.743,8.08E-05,6,0.0905,-6.863,0,0.056,114.99,0.325,1
0.115,0.801,147596,0.611,0,1,0.213,-6.649,1,0.192,100.027,0.158,1
0.0201,0.768,267427,0.471,0,2,0.268,-8.406,1,0.259,131.023,0.405,1
0.0242,0.642,225953,0.791,0.00891,0,0.192,-6.073,1,0.137,169.84,0.359,1
0.0563,0.605,189860,0.834,0,5,0.119,-5.762,1,0.108,143.024,0.452,1
0.0675,0.703,214927,0.58,0,7,0.417,-6.479,1,0.039,145.002,0.624,1
0.104,0.569,197673,0.685,0.0014,1,0.0674,-6.086,0,0.0812,189.938,0.372,1
0.0325,0.678,219253,0.857,0,10,0.0788,-5.173,0,0.216,94.95,0.622,1
0.1,0.663,214802,0.575,3.16E-06,6,0.133,-4.907,0,0.0458,110.04,0.458,1
0.000573,0.769,247976,0.518,0.108,8,0.342,-6.563,1,0.102,121.116,0.504,1
0.0103,0.7,222889,0.945,8.11E-06,10,0.0841,-2.548,0,0.332,135.001,0.594,1
0.00869,0.688,243190,0.678,0.00868,0,0.134,-5.603,1,0.196,150.05,0.209,1
0.0942,0.765,167500,0.514,0,11,0.0578,-8.992,0,0.34,142.834,0.328,1
0.44,0.56,264000,0.475,0.000661,8,0.262,-11.034,1,0.212,94.963,0.453,1
0.0906,0.717,208606,0.614,9.51E-06,9,0.115,-5.043,0,0.053,112.01,0.382,1
0.266,0.934,201933,0.798,4.54E-05,0,0.0962,-5.665,1,0.0849,120.162,0.895,1
0.593,0.527,206702,0.506,0,6,0.116,-4.35,1,0.0748,199.949,0.96,1
0.0119,0.833,401255,0.694,0.769,10,0.121,-8.996,0,0.0786,128.012,0.147,1
0.0478,0.83,367515,0.477,0.612,3,0.115,-7.7,0,0.289,128.016,0.189,1
0.0295,0.73,180867,0.581,1.30E-05,6,0.106,-5.833,0,0.0828,137.98,0.359,1
0.0164,0.73,178075,0.775,0.414,0,0.0939,-7.392,1,0.0803,160.016,0.554,1
0.0519,0.42,206960,0.843,0,9,0.106,-4.231,0,0.121,173.827,0.491,1
0.271,0.861,261067,0.521,0,1,0.133,-4.735,0,0.152,105.069,0.378,1
0.0381,0.901,254947,0.472,0,11,0.11,-8.416,0,0.194,120,0.479,1
0.297,0.752,201661,0.488,9.11E-06,6,0.0936,-7.05,1,0.0705,136.041,0.533,1
0.365,0.774,311163,0.628,8.94E-05,10,0.0991,-6.536,0,0.274,128.982,0.485,1
0.00299,0.61,211360,0.87,0,2,0.064,-4.012,0,0.0693,125.014,0.523,1
0.0478,0.737,215440,0.851,1.91E-05,0,0.26,-5.316,0,0.0377,120.002,0.54,1
0.000188,0.629,218480,0.943,0.00121,11,0.185,-6.167,0,0.116,100.98,0.454,1
0.0428,0.592,162508,0.937,0.0013,7,0.141,-3.864,1,0.0366,129.997,0.402,1
0.00314,0.231,300720,0.919,0.00451,2,0.0643,-6.182,0,0.0728,146.944,0.131,1
0.119,0.637,176787,0.724,0,6,0.299,-5.151,0,0.0403,80.982,0.414,1
0.115,0.755,165785,0.725,0,4,0.16,-2.877,0,0.0673,107.996,0.558,1
0.0143,0.658,162920,0.783,0.000181,11,0.0543,-3.381,0,0.194,159.049,0.745,1
0.000155,0.412,203921,0.896,0.00471,2,0.134,-3.807,1,0.0967,172.343,0.434,1
0.0534,0.245,206918,0.883,0.106,6,0.165,-4.937,0,0.0891,130.234,0.183,1
0.0704,0.737,173866,0.589,0,9,0.088,-7.664,1,0.13,133.023,0.208,1
0.163,0.833,149520,0.539,2.10E-06,11,0.101,-7.399,0,0.178,99.947,0.385,1
0.243,0.615,291429,0.767,4.05E-05,3,0.144,-6.066,0,0.123,140.138,0.299,1
0.00854,0.757,181714,0.806,4.86E-05,10,0.168,-6.497,0,0.208,140.063,0.229,1
0.196,0.718,215625,0.584,0,1,0.144,-6.924,0,0.0313,116.965,0.215,1
0.573,0.704,262478,0.592,0,5,0.234,-6.095,0,0.0533,93.975,0.568,1
0.326,0.759,210773,0.644,0,6,0.0469,-4.858,1,0.116,89.983,0.813,1
0.0041,0.627,230400,0.743,0.000429,8,0.123,-5.926,0,0.0857,124.974,0.255,1
0.887,0.397,224747,0.339,0,1,0.306,-6.688,1,0.0361,135.089,0.459,1
0.00902,0.794,154671,0.755,0.000561,11,0.134,-5.274,0,0.232,149.988,0.34,1
0.126,0.58,165053,0.469,7.32E-05,0,0.099,-5.946,0,0.104,110.573,0.369,1
0.016,0.652,169105,0.556,0,4,0.0929,-8.69,0,0.0602,115.07,0.082,1
0.00694,0.752,155134,0.703,0,1,0.143,-5.268,1,0.0969,77.021,0.538,1
0.783,0.603,211902,0.72,9.14E-05,2,0.42,-7.636,0,0.0616,91.991,0.695,1
0.0449,0.711,141067,0.827,0.0513,6,0.196,-12.595,1,0.0783,140.075,0.533,1
0.0877,0.502,188693,0.904,0,7,0.212,-5.394,1,0.0661,150.218,0.509,1
0.0767,0.651,208824,0.383,0.642,7,0.116,-11.547,1,0.0432,74.985,0.482,1
0.215,0.9,136000,0.599,0.172,6,0.217,-10.697,1,0.0744,119.995,0.617,1
0.225,0.606,210581,0.421,0.00147,9,0.086,-8.025,0,0.0348,155.047,0.466,1
0.32,0.817,196800,0.814,0,2,0.152,-3.985,1,0.185,109.994,0.247,1
0.911,0.718,255530,0.443,4.71E-05,2,0.0972,-12.369,0,0.0458,109.041,0.442,1
0.641,0.356,225022,0.576,0.000921,2,0.311,-9.825,1,0.145,127.99,0.444,1
0.247,0.784,199965,0.544,0,4,0.32,-6.731,0,0.261,141.982,0.344,1
0.456,0.554,277777,0.337,6.18E-06,9,0.115,-9.503,1,0.197,173.877,0.137,1
0.177,0.665,160836,0.614,0.187,11,0.124,-8.28,0,0.3,145.006,0.108,1
0.336,0.45,311333,0.356,5.79E-05,11,0.108,-7.628,1,0.0339,139.793,0.11,0
0.225,0.654,192493,0.372,5.49E-05,10,0.132,-9.864,1,0.0316,110.998,0.359,0
0.798,0.313,380867,0.317,0.627,1,0.0986,-12.295,0,0.0326,143.905,0.144,0
0.429,0.342,198500,0.338,0.00266,0,0.107,-10.142,1,0.0307,94.024,0.164,0
0.774,0.378,286744,0.286,0.773,1,0.0964,-18.965,1,0.0735,72.994,0.0619,0
0.53,0.483,179339,0.528,3.97E-06,11,0.115,-6.688,0,0.0263,68.26,0.456,0
0.186,0.586,218715,0.35,0,11,0.0897,-8.781,0,0.0249,74.658,0.206,0
0.551,0.389,190280,0.165,0.646,2,0.154,-13.21,0,0.0336,130.132,0.157,0
0.526,0.512,195133,0.631,0.131,5,0.0881,-7.964,0,0.0305,147.581,0.467,0
0.914,0.453,210173,0.101,0,7,0.0889,-13.013,1,0.0502,75.145,0.153,0
0.454,0.559,312616,0.358,0,3,0.198,-10.497,1,0.025,145.135,0.381,0
0.917,0.637,181200,0.226,0.000383,8,0.105,-16.126,1,0.0356,130.048,0.287,0
0.834,0.645,217653,0.348,0.000281,3,0.112,-12.604,1,0.0339,89.984,0.162,0
0.0774,0.556,205896,0.561,0.00119,7,0.293,-6.933,1,0.0415,73.544,0.518,0
0.962,0.597,194027,0.157,0.0259,7,0.107,-17.199,0,0.0451,81.009,0.498,0
0.411,0.474,137080,0.711,0.0011,11,0.0934,-9.344,0,0.0914,82.074,0.677,0
0.56,0.489,230978,0.0564,0.000193,7,0.111,-16.418,1,0.0325,87.884,0.257,0
0.884,0.512,183117,0.113,0.000752,5,0.125,-14.302,1,0.0295,131.571,0.178,0
0.905,0.415,288973,0.226,0.841,1,0.359,-15.838,1,0.0297,93.963,0.139,0
0.809,0.585,234227,0.445,0.000482,8,0.208,-9.843,1,0.0374,119.937,0.162,0
0.622,0.532,174452,0.335,0,0,0.159,-12.112,1,0.0646,96.036,0.604,0
0.885,0.5,183620,0.277,1.89E-05,7,0.124,-9.583,1,0.0276,149.876,0.185,0
0.0379,0.631,218147,0.535,2.61E-06,11,0.123,-8.171,0,0.0276,118.101,0.497,0
0.654,0.387,221663,0.577,0.127,1,0.163,-8.259,0,0.0353,149.048,0.447,0
0.833,0.59,280977,0.274,2.80E-05,1,0.0965,-9.185,0,0.0303,133.513,0.169,0
0.668,0.412,208213,0.581,0.00157,2,0.115,-7.377,1,0.0377,111.72,0.213,0
0.689,0.532,154675,0.393,0,7,0.229,-8.933,0,0.0258,77.082,0.261,0
0.703,0.684,212246,0.296,0.0551,10,0.0832,-11.58,1,0.0392,147.021,0.278,0
0.536,0.768,160147,0.81,0.000312,0,0.122,-9.317,0,0.197,149.985,0.97,0
0.924,0.632,242816,0.162,7.35E-05,5,0.105,-11.959,1,0.0337,73.047,0.402,0
0.913,0.568,247668,0.199,0,2,0.102,-9.901,1,0.0344,111.505,0.119,0
0.918,0.577,123413,0.303,0,6,0.392,-9.965,1,0.0461,123.339,0.327,0
0.539,0.57,245849,0.291,0.00013,5,0.277,-11.665,1,0.033,138.729,0.32,0
0.717,0.612,325909,0.547,0.0456,4,0.248,-14.69,0,0.0466,110.014,0.157,0
0.84,0.327,220527,0.29,1.98E-06,7,0.111,-8.547,1,0.0285,154.701,0.2,0
0.507,0.619,306157,0.505,0.071,9,0.152,-11.856,0,0.029,111.998,0.287,0
0.00148,0.591,219403,0.745,0.000267,2,0.247,-6.001,0,0.0296,111.974,0.481,0
0.988,0.462,143502,0.0784,0.0637,6,0.119,-13.92,0,0.051,76.746,0.16,0
0.951,0.598,193103,0.211,1.18E-05,10,0.198,-10.77,1,0.0294,101.904,0.271,0
0.843,0.584,222091,0.183,0.00955,2,0.109,-14.019,1,0.0359,71.312,0.11,0
0.89,0.436,199333,0.354,0.379,7,0.124,-15.182,1,0.0281,147.095,0.248,0
0.407,0.391,209933,0.515,0.00703,6,0.0813,-9.413,1,0.0313,188.99,0.262,0
0.0793,0.541,273343,0.699,8.08E-06,1,0.112,-6.153,1,0.0356,126.913,0.346,0
0.672,0.481,275347,0.376,0.0146,4,0.103,-12.337,1,0.0292,80.017,0.187,0
0.14,0.462,221253,0.438,0.0535,0,0.0675,-10.139,1,0.0407,187.939,0.35,0
0.641,0.604,237760,0.343,4.82E-05,10,0.181,-6.415,1,0.028,133.52,0.276,0
0.765,0.572,184542,0.115,0.000143,2,0.11,-17.484,1,0.0401,107.141,0.392,0
0.898,0.569,314763,0.275,0.049,1,0.111,-10.436,0,0.03,92.359,0.0531,0
0.921,0.514,140162,0.0431,3.18E-06,5,0.112,-13.278,1,0.0732,95.299,0.48,0
0.711,0.505,184303,0.278,0.611,11,0.115,-16.638,0,0.0373,120.904,0.317,0
0.919,0.492,216587,0.353,0.441,4,0.108,-15.397,1,0.0298,157.845,0.194,0
0.918,0.357,211003,0.125,5.76E-05,6,0.111,-14.682,1,0.053,202.188,0.286,0
0.906,0.309,242575,0.191,0.00893,11,0.562,-16.417,0,0.0431,170.594,0.266,0
0.0132,0.509,179587,0.716,4.92E-05,9,0.332,-4.602,1,0.0321,117.848,0.39,0
0.0359,0.527,190413,0.604,0,4,0.0962,-9.121,1,0.0391,149.62,0.423,0
0.931,0.428,322160,0.124,0.000132,2,0.7,-14.902,1,0.0322,106.806,0.381,0
0.83,0.636,258759,0.0927,0,5,0.0978,-18.251,1,0.0425,114.911,0.283,0
0.925,0.343,152075,0.181,1.29E-05,11,0.108,-13.723,1,0.0335,70.989,0.194,0
0.784,0.608,196760,0.217,0.00026,5,0.108,-13.785,0,0.0278,92.988,0.195,0
0.785,0.438,260812,0.39,0.00634,9,0.107,-8.716,1,0.0277,88.166,0.341,0
0.767,0.443,275053,0.157,0.000789,11,0.12,-12.056,1,0.0307,108.994,0.178,0
0.528,0.387,343001,0.507,0.0592,2,0.0834,-8.534,1,0.0361,129.176,0.323,0
0.696,0.545,232800,0.246,0.00463,9,0.136,-11.65,1,0.0302,110.1,0.0986,0
0.921,0.47,113303,0.242,0,4,0.171,-8.361,1,0.0348,114.789,0.415,0
0.678,0.399,263961,0.249,0.774,0,0.0583,-13.468,1,0.0311,137.713,0.359,0
0.621,0.377,432040,0.456,0.00675,9,0.257,-9.921,1,0.0292,141.65,0.082,0
0.00261,0.566,313348,0.836,6.11E-06,4,0.186,-7.348,0,0.0445,128.353,0.802,0
0.266,0.679,200627,0.578,2.67E-05,9,0.0829,-9.376,1,0.0316,120.507,0.821,0
0.733,0.577,236893,0.576,0.00339,0,0.15,-11.76,1,0.0399,85.994,0.555,0
0.522,0.479,283333,0.394,0.15,2,0.13,-10.59,1,0.0278,130.415,0.067,0
0.257,0.672,262320,0.734,0.00156,9,0.327,-6.947,1,0.0298,124.967,0.704,0
0.939,0.39,173176,0.217,0.767,0,0.26,-19.063,1,0.0376,157.353,0.639,0
0.525,0.32,294737,0.327,2.03E-06,11,0.108,-9.733,1,0.0314,161.709,0.154,0
0.937,0.591,209477,0.312,6.16E-05,3,0.124,-8.221,1,0.0278,100.88,0.213,0
0.678,0.256,249467,0.365,0.0505,1,0.114,-13.588,1,0.0287,159.93,0.162,0
0.421,0.706,183534,0.475,0.301,1,0.13,-9.648,1,0.028,80.098,0.6,0
0.104,0.653,223576,0.5,9.12E-06,6,0.0892,-9.179,1,0.0257,131.045,0.347,0
0.891,0.196,202473,0.166,8.23E-06,10,0.112,-13.664,1,0.0331,78.472,0.158,0
0.315,0.462,214206,0.643,0.379,11,0.107,-6,0,0.0281,171.09,0.742,0
0.697,0.402,256341,0.247,0.000106,5,0.111,-10.375,1,0.0322,126.462,0.0608,0
0.312,0.51,261476,0.385,0.0369,8,0.108,-8.546,1,0.0298,173.945,0.115,0
0.91,0.465,231173,0.458,0.096,5,0.275,-9.494,1,0.0315,103.378,0.285,0
0.217,0.854,166139,0.376,0,2,0.13,-8.586,1,0.0437,112.981,0.624,0
0.856,0.67,237697,0.32,0.000351,4,0.0972,-12.205,0,0.03,127.043,0.341,0
0.792,0.329,247787,0.421,0.0327,0,0.0684,-7.912,1,0.0285,64.768,0.122,0
0.892,0.649,130333,0.21,1.14E-05,11,0.126,-11.57,1,0.0352,153.952,0.392,0
0.464,0.642,201937,0.583,0.00539,1,0.375,-8.047,1,0.0329,152.027,0.362,0
0.587,0.543,193453,0.705,0.000871,7,0.108,-5.427,1,0.0279,124.44,0.664,0
0.89,0.582,352507,0.284,0.348,10,0.111,-14.24,1,0.0298,81.064,0.357,0
0.902,0.488,193013,0.0796,1.55E-06,1,0.0909,-14.871,1,0.0379,163.566,0.376,0
0.927,0.642,235102,0.162,0.000189,0,0.116,-8.235,1,0.0352,141.793,0.411,0
0.571,0.418,249216,0.35,0.369,3,0.101,-10.233,1,0.0385,58.647,0.204,0
0.742,0.55,180416,0.324,0.000486,0,0.106,-10.713,1,0.0453,74.003,0.431,0
0.709,0.405,233934,0.173,7.32E-05,2,0.103,-9.841,1,0.0327,85.464,0.168,0
0.617,0.561,213927,0.652,0.00194,10,0.183,-11.094,1,0.0375,88.431,0.469,0
0.632,0.465,251773,0.542,0.0105,4,0.0985,-8.626,1,0.0557,199.923,0.303,0
0.928,0.647,173396,0.115,0,6,0.111,-20.856,1,0.0377,93.47,0.53,0
0.444,0.627,214014,0.66,0.465,0,0.312,-8.311,1,0.0263,97.116,0.92,0
0.849,0.323,194848,0.405,0.000544,10,0.138,-8.533,0,0.0413,145.104,0.274,0
0.613,0.566,209965,0.543,0,5,0.106,-4.485,1,0.0314,89.937,0.299,0
0.271,0.639,213733,0.666,0,0,0.111,-7.775,1,0.0636,98.384,0.372,0
0.929,0.272,214400,0.164,0.0011,1,0.109,-17.04,1,0.046,81.551,0.228,0
0.603,0.59,166200,0.388,0,5,0.107,-9.288,0,0.033,142.961,0.506,0
0.0902,0.376,177323,0.43,0,0,0.0912,-6.585,0,0.0328,77.599,0.129,0
0.657,0.337,182613,0.331,0,5,0.085,-10.16,1,0.0385,103.203,0.35,0
0.415,0.611,164453,0.553,0,0,0.497,-6.681,1,0.0328,84.996,0.573,0
0.144,0.672,201680,0.322,3.07E-05,7,0.074,-17.669,1,0.0339,113.849,0.498,0
0.727,0.651,98337,0.274,0,9,0.131,-7.594,1,0.129,69.618,0.71,0
0.649,0.744,279427,0.42,6.98E-05,7,0.288,-14.226,0,0.112,96.33,0.783,0
0.839,0.296,216773,0.119,1.59E-05,0,0.385,-14.256,0,0.0475,170.037,0.146,0
0.108,0.879,123412,0.748,0,8,0.111,-6.489,0,0.071,113.989,0.935,0
0.104,0.842,189868,0.893,0,6,0.323,-5.651,0,0.126,116.304,0.65,0
0.0116,0.663,249213,0.972,1.71E-05,0,0.849,-4.93,1,0.0467,123.978,0.645,0
0.954,0.438,183735,0.19,7.12E-05,5,0.117,-13.573,1,0.0289,153.02,0.106,0
0.0536,0.688,155532,0.732,0,2,0.145,-6.162,1,0.0618,97.703,0.665,0
0.026,0.705,189870,0.734,0,7,0.158,-4.526,1,0.0553,117.962,0.454,0
0.0575,0.302,242956,0.414,0,2,0.0861,-8.16,1,0.0319,110.508,0.105,0
0.896,0.45,174879,0.317,5.15E-05,0,0.216,-12.856,1,0.0381,123.442,0.476,0
0.948,0.274,120547,0.0724,1.45E-06,4,0.0801,-18.279,1,0.0395,139.381,0.195,0
0.0344,0.578,213984,0.668,0,2,0.13,-7.1,0,0.0483,139.914,0.369,0
0.706,0.394,158258,0.718,0,7,0.116,-6.336,1,0.0607,151.912,0.247,0
0.974,0.248,167013,0.237,0.00043,5,0.111,-14.186,1,0.0331,85.141,0.208,0
0.439,0.642,125787,0.742,0.000656,5,0.126,-8.211,1,0.0401,106.235,0.897,0
0.724,0.321,260907,0.429,9.10E-05,6,0.0606,-7.073,1,0.0302,123.419,0.174,0
0.00508,0.777,192281,0.829,0,2,0.139,-6.872,1,0.047,114.008,0.504,0
0.701,0.715,195467,0.457,0,5,0.0902,-15.379,1,0.129,99.957,0.853,0
0.0236,0.469,173765,0.563,0,0,0.35,-6.275,1,0.0679,114.683,0.225,0
0.268,0.699,220213,0.417,0,9,0.1,-15.677,0,0.0926,121.855,0.372,0
0.695,0.366,180763,0.478,8.91E-06,8,0.124,-6.972,1,0.0277,149.307,0.293,0
0.81,0.456,225382,0.445,0,6,0.0915,-7.065,1,0.0398,130.656,0.224,0
0.902,0.52,157907,0.28,3.86E-06,7,0.114,-13.822,0,0.164,105.239,0.683,0
0.82,0.524,333265,0.504,0,7,0.0817,-7.641,1,0.05,123.66,0.327,0
0.0392,0.75,232791,0.836,0,11,0.491,-5.37,1,0.0446,115.949,0.831,0
0.9,0.661,97587,0.356,0.00121,5,0.642,-14.396,1,0.229,111.19,0.801,0
0.597,0.62,112205,0.496,1.36E-05,7,0.322,-7.509,1,0.133,126.032,0.636,0
0.805,0.7,124560,0.28,3.85E-06,3,0.306,-14.317,1,0.0312,115.841,0.538,0
0.809,0.512,144427,0.499,2.22E-05,0,0.284,-6.485,1,0.0519,78.907,0.51,0
0.002,0.763,212144,0.774,0,2,0.0692,-6.942,1,0.0382,120.029,0.53,0
0.146,0.574,207480,0.829,0,8,0.0786,-4.445,1,0.0414,145.183,0.587,0
0.287,0.668,105013,0.538,7.64E-05,9,0.0807,-8.758,1,0.0354,109.886,0.146,0
0.99,0.65,287093,0.159,0.187,0,0.105,-17.371,0,0.0513,104.828,0.294,0
0.855,0.543,26371,0.0885,0,3,0.166,-21.804,1,0.441,118.489,0.311,0
0.412,0.425,288763,0.6,0,2,0.073,-7.641,1,0.0659,114.161,0.525,0
0.0381,0.531,83187,0.723,1.46E-06,0,0.249,-4.466,0,0.0591,143.917,0.853,0
0.607,0.524,123027,0.609,0,7,0.126,-13.03,0,0.401,80.232,0.948,0
0.76,0.777,291693,0.249,0,0,0.202,-18.307,1,0.0762,102.924,0.56,0
0.467,0.474,208801,0.489,0,6,0.119,-7.625,0,0.0342,124.844,0.23,0
0.926,0.228,125439,0.204,1.10E-05,5,0.092,-12.319,1,0.0387,83.372,0.195,0
0.799,0.459,203747,0.349,0.27,7,0.127,-11.557,1,0.045,206.662,0.805,0
0.846,0.283,160800,0.227,2.08E-06,0,0.1,-15.793,1,0.0366,121.419,0.128,0
0.112,0.673,152333,0.42,0,4,0.0897,-7.581,1,0.0317,108.066,0.385,0
0.124,0.776,150793,0.915,1.28E-05,4,0.173,-7.788,0,0.0677,127.969,0.5,0
0.00903,0.443,273120,0.406,0,5,0.0979,-9.064,1,0.0391,80.896,0.0558,0
0.705,0.73,111452,0.326,0,8,0.103,-7.001,1,0.26,116.893,0.434,0
0.0254,0.912,209984,0.879,0,6,0.12,-4.866,1,0.18,108.002,0.597,0
0.558,0.543,223840,0.485,0,8,0.12,-6.85,1,0.0305,136.961,0.371,0
0.208,0.684,140093,0.471,0,0,0.14,-9.43,1,0.043,121.081,0.453,0
0.114,0.673,180520,0.785,0.000904,3,0.119,-7.041,1,0.0407,119.78,0.562,0
0.163,0.31,175507,0.54,0.000129,9,0.0713,-9.629,1,0.346,180.994,0.148,0
0.137,0.372,151400,0.641,0,2,0.103,-7.954,1,0.047,119.013,0.33,0
0.909,0.328,193867,0.147,0.00048,5,0.289,-14.119,1,0.037,94.476,0.33,0
0.617,0.408,213600,0.313,1.18E-05,0,0.115,-18.09,1,0.137,170.013,0.725,0
0.815,0.354,225080,0.411,1.00E-06,0,0.106,-6.018,1,0.0344,90.831,0.43,0
0.425,0.564,142440,0.326,0,7,0.742,-16.436,1,0.127,123.608,0.688,0
0.161,0.64,90987,0.391,0.0159,0,0.204,-6.849,1,0.0468,79.528,0.358,0
0.787,0.306,177787,0.132,0,5,0.57,-19.31,1,0.0538,78.46,0.473,0
0.126,0.489,227928,0.54,0,6,0.103,-7.046,1,0.0288,81.4,0.27,0
0.73,0.518,109280,0.54,4.99E-06,2,0.337,-6.376,1,0.0391,129.098,0.76,0
0.829,0.281,224240,0.139,0,5,0.0725,-14.392,1,0.0305,92.64,0.169,0
0.757,0.408,291133,0.199,0,0,0.402,-16.066,1,0.0765,75.904,0.415,0
0.879,0.275,194160,0.126,0.000799,9,0.0791,-17.077,1,0.033,88.626,0.21,0
0.799,0.321,146840,0.29,0.00324,9,0.361,-13.927,1,0.0343,92.375,0.0783,0
0.955,0.236,195067,0.261,0.0245,2,0.424,-13.647,1,0.0374,93.383,0.106,0
0.639,0.604,191413,0.541,0,1,0.169,-7.378,0,0.0915,134.326,0.892,0
0.571,0.36,162827,0.205,0,10,0.0797,-11.576,1,0.0477,148.985,0.232,0
0.536,0.383,162826,0.22,0,10,0.0817,-11.33,1,0.0502,149.551,0.225,0
0.318,0.46,165533,0.574,0,4,0.1,-7.414,0,0.112,67.697,0.37,0
0.0634,0.402,239147,0.391,0,10,0.296,-16.112,1,0.0406,83.789,0.568,0
0.934,0.664,59933,0.172,0,2,0.109,-17.937,0,0.132,80.587,0.562,0
0.679,0.67,163667,0.225,0,0,0.0853,-16.555,1,0.0503,134.871,0.741,0
0.211,0.658,198467,0.699,0.0105,5,0.236,-10.219,0,0.0794,110.048,0.394,0
0.494,0.495,265787,0.589,0,11,0.237,-6.642,0,0.0661,106.386,0.576,0
0.68,0.601,245957,0.415,0,7,0.341,-13.701,1,0.386,112.527,0.559,0
0.932,0.754,82467,0.419,2.78E-06,10,0.188,-13.839,1,0.129,108.619,0.776,0
0.0316,0.705,268413,0.721,0,4,0.248,-7.083,1,0.19,159.98,0.819,0
0.579,0.717,36373,0.719,1.31E-05,5,0.217,-11.371,1,0.226,81.305,0.975,0
0.991,0.705,29973,0.547,0,7,0.182,-13.361,1,0.527,117.467,0.964,0
0.038,0.877,147653,0.897,0.00953,11,0.0313,-7.193,0,0.15,112.969,0.533,0
0.153,0.544,198587,0.533,0.00444,1,0.29,-11.079,1,0.0307,135.516,0.685,0
0.988,0.268,160693,0.275,0.0361,5,0.0975,-13.938,1,0.032,71.53,0.284,0
0.0626,0.568,256733,0.748,2.18E-06,8,0.0947,-6.54,1,0.0299,96.59,0.623,0
0.597,0.432,208376,0.392,0,8,0.0937,-9.519,1,0.0462,129.12,0.328,0
0.321,0.689,170880,0.533,7.37E-05,6,0.0958,-14.205,1,0.0544,98.801,0.898,0
0.482,0.641,185467,0.68,0,0,0.101,-7.64,1,0.23,146.116,0.574,0
0.0902,0.601,100533,0.528,0.000114,9,0.0305,-8.691,0,0.0867,105.5,0.499,0
0.493,0.474,140573,0.82,0,0,0.0978,-7.699,1,0.243,164.718,0.697,0
0.675,0.513,142720,0.288,0.0226,3,0.0602,-16.054,1,0.0686,92.228,0.838,0
0.612,0.367,256120,0.587,0.755,0,0.0802,-10.811,0,0.0462,107.68,0.141,0
0.662,0.572,247373,0.409,0.296,3,0.125,-11.384,1,0.0377,129.983,0.351,0
0.988,0.516,241147,0.132,0.00721,4,0.108,-15.852,0,0.03,87.332,0.25,0
0.86,0.655,212640,0.525,0.307,11,0.0971,-10.803,0,0.0272,116.968,0.647,0
0.838,0.503,297173,0.357,0.0957,10,0.0963,-11.844,0,0.0332,131.008,0.152,0
0.949,0.48,268627,0.303,0.196,2,0.155,-13.189,0,0.0302,127.017,0.192,0
0.771,0.383,273893,0.547,0.00216,5,0.0913,-9.899,0,0.0376,91.899,0.282,0
0.933,0.553,231707,0.391,0.00123,3,0.0993,-12.303,0,0.0315,105.989,0.242,0
0.973,0.408,382107,0.0765,0.0029,4,0.0795,-18.25,1,0.0321,142.68,0.168,0
0.688,0.351,222283,0.293,0.0101,5,0.111,-11.491,0,0.029,146.868,0.211,0
0.94,0.323,292687,0.159,0.00532,4,0.0892,-16.517,0,0.0332,135.68,0.156,0
0.692,0.447,284400,0.411,0.0448,1,0.12,-11.182,0,0.0357,63.933,0.173,0
0.884,0.619,245613,0.287,0.0908,9,0.107,-10.194,0,0.0291,125.825,0.204,0
0.471,0.327,246133,0.491,0.000534,11,0.0927,-10.04,0,0.0365,140.243,0.198,0
0.58,0.458,254898,0.519,0.0081,2,0.105,-10.15,0,0.0319,157.503,0.399,0
0.796,0.643,229273,0.372,0.000325,9,0.166,-11.531,0,0.031,119.919,0.542,0
0.891,0.37,318790,0.265,0.00393,9,0.0996,-12.274,0,0.0339,130.034,0.277,0
0.958,0.582,236286,0.316,0.00315,0,0.105,-10.518,0,0.031,91.807,0.532,0
0.261,0.632,160560,0.388,0.00688,4,0.0816,-12.883,1,0.247,155.734,0.825,0
0.0406,0.613,283267,0.934,0.000313,0,0.0882,-3.711,1,0.0342,107.273,0.776,0
0.262,0.458,199133,0.758,0.000504,5,0.18,-6.193,0,0.0286,168.974,0.784,0
0.561,0.521,325707,0.369,0.0772,9,0.146,-13.773,1,0.0536,103.435,0.536,0
0.704,0.552,181000,0.542,3.59E-05,9,0.355,-10.862,1,0.0977,133.313,0.784,0
0.142,0.64,228800,0.616,3.00E-05,8,0.132,-10.442,1,0.0448,119.35,0.844,0
0.468,0.565,169706,0.347,5.73E-06,2,0.141,-9.398,1,0.0503,80.892,0.238,0
0.951,0.606,158773,0.403,0,5,0.085,-8.497,1,0.0434,159.544,0.844,0
0.701,0.502,150667,0.659,0.000225,2,0.115,-7.473,1,0.0416,101.382,0.841,0
0.575,0.8,165600,0.287,0.000768,9,0.0831,-17.513,1,0.0352,133.711,0.748,0
0.266,0.678,280453,0.551,0.00322,1,0.254,-7.332,1,0.0261,97.767,0.767,0
0.15,0.257,395600,0.571,0.0207,0,0.11,-12.183,1,0.0414,201.459,0.832,0
0.44,0.598,321133,0.735,0.000215,2,0.681,-10.882,1,0.0973,111.129,0.615,0
0.76,0.437,206933,0.453,2.07E-06,0,0.2,-6.799,1,0.0466,171.497,0.456,0
0.934,0.705,170107,0.447,0.172,7,0.102,-11.327,1,0.0501,140.446,0.547,0
0.639,0.568,134067,0.434,0.626,7,0.229,-14.17,1,0.0379,147.388,0.694,0
0.458,0.882,138533,0.476,2.47E-06,0,0.0445,-9.235,1,0.0528,112.65,0.964,0
0.127,0.432,254200,0.667,0.000294,0,0.181,-7.849,1,0.0439,173.727,0.907,0
0.00614,0.459,292173,0.727,0.065,0,0.384,-11.777,1,0.0303,149.229,0.954,0
0.0984,0.765,174467,0.408,0,4,0.141,-13.079,1,0.167,136.713,0.891,0
0.544,0.453,295507,0.813,0.0222,2,0.215,-9.449,1,0.148,116.592,0.517,0
0.0459,0.555,202600,0.669,0.000521,9,0.105,-7.46,0,0.0311,167.652,0.691,0
0.329,0.707,378133,0.255,0.00695,1,0.0711,-15.77,1,0.0601,123.288,0.455,0
0.705,0.767,196040,0.306,0.00545,4,0.0974,-14.7,1,0.0652,87.627,0.56,0
0.68,0.354,361480,0.518,3.46E-05,9,0.685,-6.122,1,0.0949,207.934,0.528,0
0.707,0.686,225200,0.757,0.000153,11,0.653,-7.337,0,0.0267,107.712,0.896,0
0.0114,0.29,425853,0.756,0.148,5,0.0947,-5.408,0,0.039,146.458,0.546,0
0.285,0.554,369400,0.727,7.79E-06,7,0.267,-8.132,1,0.0264,97.47,0.582,0
0.687,0.563,311667,0.398,0.00246,9,0.135,-12.848,1,0.0607,171.841,0.364,0
0.795,0.56,208067,0.535,0.00184,0,0.215,-4.882,1,0.0351,98.552,0.677,0
0.0792,0.364,431936,0.752,1.57E-05,5,0.0966,-5.623,1,0.1,173.715,0.636,0
0.0496,0.569,351960,0.564,0.0138,8,0.304,-7.34,1,0.0337,96.112,0.526,0
0.0377,0.469,155227,0.918,0.000392,1,0.24,-6.584,1,0.173,115.201,0.77,0
0.011,0.167,345333,0.924,0.0593,0,0.863,-5.868,1,0.0561,163.264,0.555,0
0.13,0.328,320933,0.612,0.000599,11,0.848,-8.43,0,0.0572,148.957,0.433,0
0.978,0.577,179664,0.137,0.0134,5,0.0982,-18.111,1,0.117,92.311,0.823,0
0.818,0.554,125373,0.247,8.38E-06,8,0.0795,-15.957,1,0.0385,107.45,0.466,0
0.493,0.551,247224,0.58,0.0559,0,0.213,-8.581,1,0.0363,63.321,0.473,0
0.0671,0.59,210827,0.853,0.000204,0,0.122,-7.781,1,0.0346,96.417,0.806,0
0.0472,0.388,188667,0.657,0.00198,11,0.299,-10.176,0,0.0639,185.47,0.905,0
0.0995,0.376,416267,0.67,0.00831,5,0.845,-7.874,0,0.0545,128.437,0.348,0
0.118,0.658,152267,0.71,0.862,9,0.0582,-11.493,1,0.065,122.666,0.899,0
0.888,0.677,162067,0.444,0.00821,7,0.147,-17.602,1,0.136,109.829,0.53,0
0.354,0.466,225507,0.716,0.000125,11,0.354,-7.251,0,0.0933,132.231,0.859,0
0.0226,0.294,166400,0.611,0.435,2,0.114,-6.268,1,0.0348,178.191,0.567,0
0.824,0.675,194373,0.308,3.75E-05,6,0.0607,-8.081,1,0.0348,97.446,0.69,0
0.67,0.542,238533,0.588,0.158,2,0.241,-9.268,1,0.0665,113.948,0.881,0
0.943,0.575,223387,0.254,2.34E-05,0,0.0579,-13.192,1,0.0485,161.678,0.526,0
0.944,0.581,206800,0.333,0.472,0,0.332,-14.209,1,0.032,94.197,0.488,0
0.0876,0.77,263267,0.544,0.00375,9,0.0555,-6.474,0,0.0393,120.055,0.506,0
0.0501,0.624,285867,0.368,0.000544,11,0.0793,-11.063,0,0.031,99.816,0.613,0
0.0535,0.347,160498,0.781,7.74E-06,10,0.125,-8.18,1,0.0862,124.197,0.736,0
0.393,0.826,168000,0.753,0,0,0.208,-8.223,1,0.0572,105.473,0.48,0
0.964,0.611,227733,0.0785,0.00014,9,0.0903,-20.543,1,0.0503,104.233,0.763,0
0.0143,0.611,408427,0.919,0.000269,5,0.0654,-5.344,0,0.108,129.964,0.113,0
0.00331,0.701,199000,0.864,0,3,0.0421,-4.351,1,0.0631,106.034,0.811,0
0.168,0.444,216133,0.608,3.36E-06,2,0.118,-12.175,0,0.0532,119.985,0.354,0
0.148,0.4,223174,0.452,0,0,0.129,-9.465,1,0.076,150.036,0.534,0
0.00483,0.516,349560,0.518,0.00895,4,0.585,-10.383,1,0.04,108.027,0.0834,0
0.143,0.829,127200,0.464,0.925,6,0.106,-9.932,0,0.0369,100.029,0.774,0
0.768,0.447,145267,0.404,0,7,0.112,-8.417,1,0.0406,82.406,0.372,0
0.318,0.299,51800,0.571,0.137,5,0.0452,-8.949,0,0.0395,89.642,0.764,0
0.868,0.653,131893,0.565,0,0,0.311,-6.795,0,0.0676,113.926,0.81,0
0.271,0.477,229813,0.6,0,7,0.112,-5.652,1,0.0324,152.062,0.29,0
0.0716,0.684,217440,0.619,0,10,0.122,-7.005,1,0.0386,125.046,0.284,0
0.92,0.366,54440,0.0279,0,11,0.109,-22.55,1,0.0461,167.751,0.35,0
0.000953,0.591,257747,0.808,1.55E-06,1,0.0918,-6.728,1,0.0408,106.03,0.601,0
0.361,0.26,203207,0.273,6.72E-05,7,0.116,-11.196,0,0.0313,68.969,0.519,0
0.872,0.445,194320,0.172,6.62E-05,3,0.0858,-13.953,1,0.0768,178.02,0.367,0
0.139,0.398,204133,0.512,0,8,0.115,-7.148,1,0.0486,133.659,0.0956,0
0.00272,0.56,206676,0.826,0,6,0.487,-5.866,0,0.0976,141.974,0.492,0
0.632,0.756,214680,0.814,0.00068,0,0.161,-6.11,1,0.0437,135.043,0.905,0
0.0315,0.638,304600,0.738,0.000634,9,0.211,-9.563,1,0.0271,104.098,0.816,0
0.125,0.5,239267,0.638,0.0285,2,0.199,-7.262,1,0.0461,122.621,0.746,0
0.468,0.686,159707,0.593,2.19E-05,0,0.352,-10.078,1,0.0597,92.82,0.946,0
0.475,0.497,362400,0.341,7.47E-06,2,0.098,-13.635,1,0.174,137.634,0.469,0
0.237,0.767,252133,0.496,0.0723,10,0.0853,-11.399,1,0.0307,110.932,0.751,0
0.509,0.592,316667,0.464,0.000214,7,0.166,-16.925,1,0.0374,112.986,0.764,0
0.163,0.796,319360,0.149,0.0114,3,0.081,-17.885,0,0.0414,73.953,0.433,0
0.89,0.467,163373,0.277,7.66E-05,8,0.2,-12.101,1,0.0283,99.83,0.535,0
0.736,0.554,232453,0.49,0.00728,9,0.327,-8.725,1,0.0267,67.591,0.578,0
0.15,0.705,181786,0.483,0.0265,1,0.202,-12.209,1,0.0542,122.863,0.713,0
0.713,0.639,445533,0.496,0.254,1,0.0545,-6.844,0,0.0375,140.394,0.467,0
0.468,0.668,179693,0.583,3.62E-05,3,0.337,-8.889,1,0.0768,118.655,0.818,0
0.593,0.56,293733,0.241,0.195,4,0.122,-15.385,0,0.0314,79.537,0.341,0
0.165,0.536,210493,0.723,0.00812,8,0.288,-13.898,0,0.0415,126.737,0.916,0
0.803,0.526,434693,0.467,9.68E-05,2,0.206,-11.641,1,0.0898,87.155,0.604,0
0.837,0.621,167267,0.519,0.00246,11,0.162,-13.328,0,0.102,117.005,0.775,0
0.492,0.633,147800,0.625,0.000418,0,0.204,-10.951,1,0.0436,103.355,0.841,0
0.496,0.775,232707,0.499,0.0219,4,0.114,-7.181,1,0.0415,121.056,0.862,0
0.843,0.433,176186,0.7,0.324,11,0.102,-8.197,1,0.163,80.623,0.8,0
0.616,0.64,253333,0.496,4.63E-05,2,0.183,-11.124,1,0.0413,116.632,0.954,0
0.55,0.584,215027,0.278,0.21,4,0.255,-18.566,1,0.0312,81.712,0.75,0
0.642,0.303,412960,0.648,0.053,0,0.407,-6.795,1,0.0512,170.379,0.644,0
0.649,0.439,181307,0.413,4.47E-06,2,0.12,-6.755,1,0.0293,144.162,0.464,0
0.0581,0.556,227751,0.567,0.00143,9,0.0907,-11.426,0,0.0333,141.345,0.858,0
0.0346,0.642,215800,0.708,0.0103,9,0.0844,-13.402,1,0.0543,108.143,0.775,0
0.00393,0.537,295693,0.695,0.188,11,0.084,-9.88,1,0.0377,131.307,0.77,0
0.669,0.566,163440,0.424,0.00456,7,0.175,-8.689,0,0.0392,105.768,0.431,0
0.651,0.541,259760,0.568,0.00563,9,0.1,-12.584,1,0.0752,135.275,0.815,0
0.812,0.705,167227,0.401,0,9,0.319,-9.506,0,0.0475,104.956,0.649,0
0.101,0.678,216627,0.612,0.318,4,0.164,-9.764,1,0.0339,118.381,0.857,0
0.407,0.469,399173,0.236,0.0434,7,0.215,-16.981,1,0.0364,82.232,0.415,0
0.933,0.518,233560,0.376,0.86,9,0.0976,-18.248,0,0.0431,158.089,0.744,0
0.142,0.502,367533,0.753,0.00824,11,0.0891,-9.625,0,0.0395,122.656,0.927,0
0.749,0.636,189133,0.668,0.00121,0,0.0555,-6.857,1,0.0568,94.668,0.666,0
0.239,0.792,517400,0.495,0.00175,0,0.074,-11.603,1,0.0527,118.066,0.719,0
0.527,0.73,247373,0.235,0.0112,0,0.0663,-15.276,1,0.0355,87.226,0.624,0
0.0488,0.353,271653,0.921,0.065,2,0.314,-5.64,1,0.0758,145.589,0.526,0
0.436,0.378,255600,0.756,0.0351,7,0.867,-11.073,1,0.0673,131.577,0.838,0
0.197,0.303,414960,0.492,0.63,0,0.288,-10.716,1,0.039,200.018,0.677,0
0.491,0.321,212600,0.625,5.08E-05,2,0.345,-5.219,0,0.0302,107.338,0.777,0
0.54,0.582,156893,0.75,8.25E-06,7,0.337,-11.206,1,0.113,114.104,0.686,0
0.0339,0.565,204333,0.526,0.000119,0,0.11,-11.352,1,0.0365,167.936,0.637,0
0.282,0.294,314880,0.736,0.0418,7,0.102,-7.961,0,0.151,208.576,0.753,0
0.418,0.872,515000,0.384,0.317,0,0.0687,-16.204,1,0.0388,102.597,0.938,0
0.195,0.542,289560,0.502,0.00812,3,0.174,-10.607,0,0.0515,174.11,0.948,0
0.751,0.566,164893,0.657,0.896,4,0.156,-10.33,1,0.0693,145.359,0.643,0
0.545,0.606,183027,0.301,0.00194,0,0.0419,-11.402,1,0.0423,100.979,0.457,0
0.0217,0.84,156398,0.412,0.784,1,0.041,-14.23,1,0.056,122.807,0.963,0
0.812,0.48,180453,0.303,0,5,0.0889,-13.675,1,0.0384,98.282,0.643,0
0.3,0.595,192200,0.525,3.15E-05,11,0.197,-11.582,0,0.0499,124.569,0.826,0
0.68,0.723,188240,0.357,0.24,5,0.606,-12.587,0,0.0616,114.078,0.804,0
0.343,0.648,182827,0.544,2.93E-06,1,0.087,-8.963,1,0.179,153.063,0.619,0
0.279,0.548,141933,0.874,0.0463,8,0.173,-10.147,1,0.0463,172.129,0.966,0
0.417,0.693,183133,0.454,0.000315,10,0.156,-10.275,0,0.03,112.214,0.914,0
0.0516,0.457,172693,0.412,4.35E-05,7,0.275,-11.138,0,0.0369,129.423,0.44,0
0.858,0.678,189507,0.272,0.0236,4,0.109,-10.415,1,0.0525,149.128,0.378,0
0.856,0.779,192707,0.155,7.82E-06,5,0.0974,-21.57,1,0.112,103.252,0.696,0
0.434,0.711,169998,0.483,0.012,11,0.0284,-11.211,1,0.0298,91.652,0.884,0
0.573,0.519,173040,0.779,8.13E-05,4,0.286,-9.159,1,0.0648,113.487,0.888,0
0.219,0.56,194667,0.73,0.144,1,0.179,-5.69,1,0.0362,151.594,0.963,0
0.438,0.572,275267,0.348,0.000731,0,0.235,-13.454,1,0.0293,73.303,0.34,0
0.0274,0.427,219587,0.626,0.00395,8,0.106,-11.821,1,0.0385,126.877,0.743,0
0.224,0.554,324267,0.516,0.286,9,0.0548,-6.819,0,0.0255,90.309,0.562,0
0.862,0.676,162040,0.334,0,5,0.32,-10.572,1,0.0508,158,0.867,0
0.294,0.609,164547,0.538,0,3,0.19,-15.646,1,0.0392,85.106,0.881,0
0.989,0.629,188160,0.0192,4.30E-05,4,0.106,-19.952,1,0.0833,169.254,0.335,0
0.806,0.362,149640,0.338,0,9,0.3,-9.321,1,0.0393,93.999,0.389,0
0.637,0.368,216240,0.285,0,6,0.106,-10.05,1,0.0312,79.96,0.269,0
0.0823,0.73,218948,0.732,0,8,0.0757,-2.556,1,0.0366,112.058,0.546,0
0.696,0.43,157848,0.436,0,2,0.112,-5.336,1,0.0299,120.18,0.45,0
0.876,0.306,174640,0.307,0,9,0.114,-9.314,1,0.0374,96.374,0.267,0
0.0934,0.416,183493,0.92,0,0,0.0832,-2.712,1,0.0722,199.883,0.569,0
0.904,0.294,299573,0.161,0.000447,6,0.113,-13.355,1,0.0376,113.141,0.078,0
0.71,0.496,161933,0.39,0,2,0.1,-11.315,1,0.0295,139.073,0.301,0
0.733,0.319,246021,0.408,0,10,0.0918,-7.092,1,0.0307,131.605,0.38,0
0.191,0.628,234093,0.832,0,4,0.186,-4.365,1,0.0618,133.037,0.744,0
0.0149,0.644,211227,0.84,0.000167,2,0.0735,-4.582,1,0.0427,148.913,0.806,0
0.0278,0.678,225458,0.624,0,8,0.0909,-7.507,1,0.0628,137.99,0.48,0
0.856,0.45,233680,0.294,8.41E-06,8,0.126,-9.463,0,0.0269,80.272,0.234,0
0.913,0.366,208107,0.0952,0.000315,3,0.249,-14.707,1,0.0561,151.165,0.18,0
0.646,0.268,168733,0.305,2.50E-05,11,0.169,-12.608,0,0.0379,135.806,0.307,0
0.589,0.559,151307,0.8,0,11,0.353,-4.699,1,0.378,109.768,0.817,0
0.61,0.342,255293,0.436,0,0,0.0975,-5.932,1,0.03,140.228,0.237,0
0.0021,0.712,291573,0.75,0.00428,5,0.278,-5.164,0,0.0521,127.996,0.554,0
0.905,0.444,240307,0.373,0,9,0.114,-9.645,1,0.0433,88.083,0.413,0
0.618,0.605,184480,0.507,1.92E-06,5,0.122,-6.354,1,0.0259,89.033,0.253,0
0.803,0.595,50960,0.233,0,2,0.114,-14.183,1,0.193,138.814,0.409,0
0.292,0.69,254560,0.651,0.00241,9,0.105,-8.267,1,0.0324,97.918,0.706,0
0.0982,0.651,339480,0.947,4.85E-05,4,0.409,-7.052,0,0.0459,123.181,0.905,0
0.0661,0.788,503250,0.816,0.0845,1,0.198,-10.562,1,0.0489,118.798,0.808,0
0.769,0.644,198820,0.412,0.000649,7,0.105,-10.517,0,0.0498,138.369,0.491,0
0.296,0.373,385546,0.78,0.0424,11,0.379,-5.783,1,0.0509,105.144,0.539,0
0.043,0.859,281413,0.907,3.63E-06,9,0.0378,-7.773,1,0.197,96.599,0.726,0
0.171,0.594,147280,0.738,2.64E-05,9,0.108,-7.077,0,0.0305,90.474,0.771,0
0.92,0.635,133427,0.557,0.00199,10,0.0987,-8.136,1,0.0551,144.494,0.939,0
0.271,0.883,215840,0.667,0.000856,1,0.115,-12.143,1,0.0601,111.402,0.91,0
0.567,0.762,163027,0.527,0.0834,5,0.111,-11.885,1,0.0313,100.088,0.953,0
0.3,0.789,251400,0.602,0.00549,7,0.0737,-10.192,0,0.198,109.923,0.804,0
0.0641,0.656,130120,0.5,0.0607,10,0.0523,-9.002,1,0.0388,140.328,0.98,0
0.41,0.615,377587,0.506,0.338,0,0.114,-9.56,0,0.046,77.478,0.898,0
0.58,0.622,204720,0.42,7.32E-06,1,0.546,-11.447,0,0.0891,144.41,0.613,0
0.436,0.754,306960,0.681,0.0125,9,0.0593,-8.593,0,0.19,94.01,0.854,0
0.0314,0.857,213493,0.582,0.0152,8,0.182,-13.498,1,0.0673,116.404,0.893,0
0.555,0.46,147133,0.701,0,0,0.503,-7.956,1,0.0468,145.621,0.618,0
0.442,0.504,185667,0.58,3.28E-06,7,0.0911,-12.778,1,0.0411,95.613,0.752,0
0.0873,0.645,430267,0.848,0.0258,11,0.391,-5.302,0,0.179,110.661,0.385,0
0.687,0.469,140000,0.966,0,10,0.465,-4.12,0,0.0758,147.354,0.639,0
0.286,0.556,243707,0.669,4.01E-06,2,0.631,-7.725,0,0.244,167.26,0.882,0
0.00962,0.522,156293,0.442,0.927,7,0.17,-16.174,1,0.029,72.901,0.919,0
0.135,0.806,196333,0.731,0,9,0.115,-13.755,1,0.142,126.555,0.965,0
0.466,0.583,254160,0.868,0.919,9,0.453,-9.226,1,0.0419,102.036,0.897,0
0.383,0.539,219373,0.686,0.142,8,0.122,-6.789,1,0.0454,103.892,0.555,0
0.696,0.548,139267,0.451,0.000749,9,0.117,-10.555,1,0.0719,133.76,0.475,0
0.172,0.671,194493,0.69,0.00201,8,0.187,-9.089,0,0.0335,116.133,0.875,0
0.402,0.465,199707,0.783,8.29E-05,3,0.12,-6.065,1,0.0453,120.866,0.789,0
0.256,0.537,297347,0.82,1.93E-06,11,0.432,-7.011,0,0.127,94.429,0.881,0
0.777,0.3,621107,0.353,0.478,4,0.406,-15.588,0,0.047,134.912,0.19,0
0.33,0.621,178053,0.702,0.195,2,0.324,-6.964,0,0.0382,125.521,0.902,0
0.457,0.51,125800,0.531,0,2,0.521,-8.599,0,0.0283,149.255,0.735,0
0.139,0.649,377467,0.753,0.858,11,0.0512,-7.539,0,0.0306,102.147,0.84,0
0.451,0.648,329613,0.682,7.47E-05,0,0.178,-7.34,0,0.0615,72.642,0.653,0
0.0569,0.643,147533,0.697,0.58,7,0.0725,-11.353,1,0.19,144.129,0.793,0
0.591,0.561,177253,0.652,1.75E-05,1,0.141,-7.818,1,0.0398,156.595,0.897,0
0.0126,0.816,246267,0.921,0.0075,11,0.313,-5.788,0,0.112,130.758,0.76,0
0.0303,0.934,253053,0.646,0.00614,11,0.0776,-5.727,0,0.228,116.351,0.832,0
0.526,0.616,143067,0.625,0,3,0.066,-8.358,1,0.0335,140.153,0.922,0
0.0378,0.931,188187,0.629,0.0122,5,0.268,-8.837,0,0.0816,112.382,0.823,0
0.208,0.591,181747,0.666,0,1,0.107,-6.697,1,0.0313,138.815,0.656,0
0.163,0.684,143667,0.726,0,11,0.0574,-5.138,0,0.0432,133.086,0.673,0
0.292,0.88,147000,0.57,0.0388,2,0.0674,-13.145,1,0.0821,106.034,0.791,0
0.47,0.75,163093,0.955,0.0361,9,0.073,-7.338,1,0.109,99.339,0.963,0
0.116,0.698,177053,0.675,0.000477,5,0.117,-5.133,0,0.0292,115.715,0.808,0
0.23,0.8,544640,0.802,0.00379,0,0.0971,-5.439,1,0.166,97.586,0.82,0
0.436,0.646,181133,0.752,0,3,0.341,-7.118,1,0.0473,130.349,0.786,0
0.115,0.445,160333,0.867,0,2,0.0747,-7.635,0,0.0571,135.243,0.667,0
0.238,0.477,297493,0.566,0,2,0.122,-12.274,1,0.335,167.907,0.778,0
0.157,0.555,170162,0.814,3.47E-06,1,0.0907,-7.731,1,0.0467,126.838,0.868,0
0.779,0.604,165067,0.579,2.18E-05,11,0.401,-12.272,0,0.056,103.016,0.848,0
0.133,0.545,163588,0.723,0.00134,0,0.301,-11.913,0,0.0835,129.92,0.708,0
0.152,0.557,139213,0.605,0.891,0,0.0719,-8.507,1,0.0302,152.795,0.406,0
0.136,0.474,142133,0.793,0,0,0.652,-7.146,1,0.0294,78.748,0.826,0
0.272,0.546,134640,0.47,1.35E-05,10,0.0745,-7.987,1,0.0362,138.808,0.807,0
0.14,0.463,172280,0.529,0,1,0.452,-11.407,0,0.0374,150.151,0.921,0
0.427,0.727,194627,0.444,2.66E-06,8,0.183,-12.816,1,0.0319,111.834,0.894,0
0.075,0.72,295147,0.836,0.000656,9,0.1,-10.195,1,0.0611,157.178,0.961,0
0.414,0.789,336800,0.908,3.20E-05,1,0.611,-6.727,0,0.111,103.743,0.639,0
0.46,0.522,186293,0.498,0,5,0.507,-15.116,1,0.039,137.938,0.923,0
0.164,0.743,239240,0.822,2.32E-05,11,0.537,-8.678,0,0.0447,116.372,0.912,0
0.105,0.921,194428,0.313,0.00117,1,0.0817,-12.543,0,0.0368,99.3,0.957,0
0.652,0.664,158267,0.828,0.000174,5,0.659,-5.705,0,0.0892,142.413,0.844,0
0.00421,0.545,136227,0.476,1.27E-05,8,0.212,-11.185,1,0.0367,136.452,0.449,0
0.817,0.669,168040,0.372,0,3,0.199,-13.457,1,0.044,139.342,0.963,0
0.0277,0.892,344547,0.433,0.000892,0,0.0308,-13.806,0,0.0699,128.029,0.924,0
0.154,0.859,247133,0.782,0.0297,10,0.0693,-8.344,1,0.0369,119.518,0.931,0
0.0242,0.686,205893,0.42,0.00172,7,0.135,-12.75,1,0.0528,112.634,0.457,0
0.0462,0.313,273067,0.34,0.000465,6,0.0735,-15.315,1,0.0504,145.955,0.407,0
0.0541,0.751,165947,0.689,0,5,0.281,-6.564,1,0.0281,125.238,0.827,0
0.644,0.64,125640,0.898,0.0118,2,0.153,-1.919,0,0.233,135.524,0.96,0
0.0195,0.623,279933,0.824,0.13,6,0.0491,-8.971,0,0.0479,111.356,0.574,0
0.122,0.537,255040,0.791,3.03E-05,6,0.205,-7.051,1,0.145,142.354,0.889,0
0.212,0.823,335067,0.51,0.806,0,0.11,-11.235,1,0.0352,114.83,0.798,0
0.239,0.851,300693,0.669,0.0852,10,0.108,-9.562,1,0.0379,126.624,0.911,0
0.127,0.668,312533,0.541,0,11,0.271,-9.011,1,0.0728,114.832,0.524,0
0.602,0.653,145733,0.683,0.000143,3,0.23,-5.912,1,0.0345,123.028,0.802,0
0.0413,0.594,163836,0.432,0.00385,0,0.115,-11.074,1,0.0384,124.202,0.344,0
0.751,0.628,243553,0.619,0,5,0.122,-4.613,0,0.0551,151.602,0.331,0
0.543,0.953,216999,0.584,0,11,0.0786,-7.57,1,0.0518,104.007,0.861,0
0.0285,0.72,214000,0.854,1.45E-05,1,0.16,-5.244,0,0.0621,127.915,0.406,0
0.675,0.764,242182,0.425,2.42E-05,11,0.104,-11.016,0,0.0788,110.055,0.4,0
0.184,0.843,160000,0.757,2.75E-06,4,0.0768,-3.37,0,0.134,87.024,0.571,0
0.247,0.839,178001,0.81,0,3,0.0706,-1.55,1,0.0327,120.001,0.497,0
0.196,0.7,217416,0.854,0,2,0.127,-3.095,0,0.146,176.121,0.437,0
0.101,0.923,207735,0.77,0,1,0.234,-3.994,1,0.0341,103.994,0.826,0
0.243,0.798,210000,0.906,0,11,0.202,-3.514,1,0.0936,103.021,0.806,0
0.253,0.732,205206,0.846,2.07E-06,2,0.0786,-3.539,1,0.0754,89.904,0.557,0
0.0536,0.69,202620,0.844,0,4,0.254,-3.083,0,0.116,171.975,0.541,0
0.0533,0.701,239231,0.551,2.61E-05,1,0.0464,-8.734,0,0.179,78.042,0.598,0
0.0705,0.77,118779,0.637,0,5,0.0671,-3.354,0,0.61,177.796,0.619,0
0.171,0.734,216000,0.885,6.19E-06,5,0.143,-3.505,0,0.232,173.829,0.822,0
0.11,0.839,205263,0.484,0,6,0.0614,-6.43,1,0.37,151.885,0.781,0
7.32E-06,0.0654,824424,0.166,0.953,1,0.863,-11.322,0,0.0865,68.542,0.0338,0
0.00984,0.149,403000,0.998,0.09,0,0.12,4.14,0,0.15,178.207,0.0267,0
0.00423,0.753,614587,0.859,0.881,1,0.191,-11.317,1,0.0664,127.996,0.368,0
3.81E-05,0.403,236293,0.965,0.000276,6,0.341,-2.238,1,0.0964,112.363,0.431,0
0.00205,0.452,237400,0.964,5.31E-06,6,0.205,-2.877,1,0.0792,144.048,0.464,0
0.2,0.834,217260,0.738,0,8,0.0797,-6.904,0,0.199,89.99,0.656,0
0.298,0.613,202037,0.82,0,4,0.373,-4.722,0,0.0835,175.963,0.597,0
0.185,0.576,186410,0.889,0,8,0.71,-3.211,0,0.198,175.969,0.623,0
0.529,0.746,125115,0.895,2.89E-05,7,0.387,-1.412,1,0.209,91.021,0.768,0
0.0333,0.667,221844,0.625,0,2,0.0678,-2.81,1,0.16,122.51,0.264,0
0.164,0.817,267480,0.906,0.0014,11,0.138,-4.594,1,0.0453,105.002,0.794,0
0.0129,0.62,176158,0.873,0.0052,4,0.0777,-7.265,0,0.269,174,0.712,0
0.00802,0.785,221322,0.86,0,11,0.0737,-4.177,0,0.0323,129.987,0.564,0
0.127,0.749,189545,0.974,0.000795,4,0.0874,-1.599,0,0.058,109.99,0.712,0
0.0148,0.673,237517,0.859,0.000508,11,0.0944,-9.525,1,0.0517,110.016,0.419,0
0.119,0.728,166348,0.966,0.000632,11,0.137,-2.42,0,0.25,93.635,0.464,0
0.0647,0.696,178705,0.94,8.42E-05,7,0.547,-5.489,1,0.117,90.052,0.767,0
0.111,0.725,190000,0.92,0,7,0.32,-5.426,1,0.151,105.978,0.457,0
0.00447,0.799,206890,0.808,0.000112,11,0.46,-7.868,0,0.0687,110.013,0.225,0
0.433,0.684,230661,0.884,0.0596,2,0.0924,-4.47,0,0.0325,104.981,0.623,0
0.0404,0.704,188257,0.936,0.000647,7,0.156,-2.977,1,0.233,95.05,0.824,0
0.037,0.69,179754,0.838,0.000276,1,0.0662,-4.824,1,0.257,172.074,0.853,0
0.223,0.799,204000,0.537,0.00164,4,0.0631,-10.23,1,0.0732,109.986,0.832,0
0.0499,0.587,141141,0.717,0,11,0.646,-7.122,0,0.265,95.649,0.378,0
0.0172,0.779,259886,0.547,0.763,9,0.122,-11.273,1,0.0762,143.959,0.194,0
0.286,0.574,249208,0.474,0.527,1,0.142,-13.799,1,0.035,97.029,0.561,0
4.71E-06,0.587,208581,0.758,0.879,2,0.0848,-4.467,1,0.0328,84.898,0.225,0
0.615,0.674,106573,0.444,0.0345,2,0.0758,-17.027,1,0.542,151.219,0.257,0
0.00555,0.568,254500,0.815,0.0212,2,0.354,-5.798,1,0.0528,102.023,0.134,0
0.0482,0.694,224040,0.734,0,0,0.466,-6.931,1,0.465,69.97,0.564,0
0.00766,0.82,267521,0.791,0.758,10,0.0993,-6.593,1,0.135,133.001,0.283,0
0.027,0.514,401300,0.925,0.878,1,0.149,-11.224,1,0.163,174.006,0.113,0
0.0207,0.706,295133,0.35,0.595,1,0.738,-15.262,1,0.0595,142.001,0.179,0
0.248,0.689,301714,0.581,0.888,1,0.365,-9.308,1,0.0402,139.972,0.752,0
0.00383,0.747,517120,0.632,0.878,10,0.135,-13.745,0,0.0476,119.988,0.329,0
0.277,0.257,224418,0.484,0.794,8,0.21,-10.866,1,0.0452,105.013,0.0954,0
0.773,0.335,324780,0.57,0.629,7,0.0965,-7.329,1,0.0381,138.891,0.0866,0
0.0663,0.601,308080,0.476,0.891,1,0.117,-12.026,0,0.0761,145.997,0.186,0
0.00134,0.618,239773,0.826,0.000149,2,0.646,-5.09,1,0.314,139.982,0.268,0
0.79,0.324,264334,0.439,0.471,11,0.232,-9.403,1,0.0452,128.387,0.0849,0
0.61,0.586,214130,0.711,0.928,4,0.121,-14.389,1,0.0596,94.991,0.155,0
0.00214,0.556,248387,0.634,0.728,1,0.38,-12.181,0,0.061,172.046,0.0487,0
0.115,0.572,500292,0.798,0.491,1,0.121,-13.183,1,0.0431,129.986,0.0704,0
0.0479,0.666,275644,0.882,0.294,9,0.109,-2.578,1,0.0324,127.964,0.069,0
0.512,0.563,259817,0.389,0.00935,9,0.113,-10.35,0,0.0285,100.023,0.567,0
0.412,0.695,212582,0.788,0.822,9,0.088,-6.446,0,0.0696,124.965,0.109,0
0.0406,0.599,291582,0.517,0.894,6,0.221,-10.487,1,0.113,141.999,0.191,0
0.0075,0.753,350382,0.761,0.874,10,0.397,-8.579,0,0.0612,120,0.256,0
0.201,0.721,346000,0.441,0.738,5,0.18,-11.921,0,0.0736,135.015,0.124,0
0.00619,0.726,370791,0.857,0.804,10,0.138,-7.427,0,0.054,139.005,0.142,0
0.569,0.758,184976,0.334,0.904,1,0.111,-14.084,0,0.0728,130.04,0.0635,0
0.721,0.294,307373,0.444,0.767,2,0.122,-10.409,0,0.0378,86.547,0.0484,0
0.0333,0.57,223067,0.717,0.0107,10,0.0643,-10.079,0,0.037,79.969,0.404,0
0.0292,0.613,482992,0.863,0.936,8,0.0847,-10.038,1,0.0416,160.065,0.614,0
0.738,0.642,289083,0.286,0.737,1,0.105,-19.865,1,0.0389,94.998,0.0869,0
0.354,0.514,214637,0.524,0.000239,5,0.103,-7.474,0,0.0572,111.034,0.126,0
0.00138,0.445,246968,0.907,0.923,1,0.12,-6.366,1,0.0505,165.008,0.413,0
0.000184,0.7,281142,0.741,0.826,0,0.109,-11.692,1,0.0411,130.025,0.181,0
0.00417,0.474,348571,0.842,0.739,1,0.119,-5.189,1,0.0611,167.798,0.202,0
0.478,0.489,288533,0.428,0.767,1,0.143,-12.907,1,0.0322,130.016,0.0526,0
0.0428,0.768,305103,0.861,0.678,7,0.164,-8.263,1,0.114,135.035,0.143,0
0.0838,0.76,283049,0.659,0.761,7,0.122,-8.931,0,0.039,123.965,0.521,0
0.327,0.124,246129,0.5,0.166,9,0.0457,-6.661,1,0.045,177.535,0.0376,0
0.274,0.631,177083,0.367,0.641,1,0.111,-10.945,0,0.0402,132.012,0.0552,0
0.00252,0.814,239806,0.5,0.826,1,0.286,-14.644,1,0.122,139.993,0.138,0
0.0125,0.504,134347,0.667,0.227,6,0.61,-4.076,1,0.0269,125.957,0.182,0
0.00147,0.593,203147,0.79,0.434,1,0.101,-6.486,1,0.0521,173.006,0.59,0
0.00648,0.5,278644,0.712,0.954,5,0.162,-4.057,1,0.0581,117.915,0.195,0
0.0371,0.765,380108,0.397,0.849,6,0.0975,-11.918,1,0.0529,99.994,0.43,0
0.00102,0.508,189742,0.397,0.835,11,0.111,-9.518,0,0.05,89.955,0.0364,0
0.06,0.274,541428,0.787,0.689,8,0.133,-10.634,1,0.0495,92.635,0.143,0
0.0167,0.677,340637,0.804,0.918,0,0.576,-7.025,0,0.165,165.003,0.32,0
0.249,0.804,338000,0.741,0.0019,5,0.116,-6.818,0,0.2,159.844,0.484,0
0.0227,0.538,184554,0.941,0,4,0.302,-3.582,1,0.0639,140.044,0.585,0
0.0119,0.548,164683,0.721,0,8,0.216,-4.466,1,0.0472,177.918,0.594,0
0.601,0.621,216573,0.882,0,6,0.132,-5.01,1,0.0459,126.023,0.573,0
0.308,0.616,223320,0.849,0,0,0.311,-4.897,1,0.0373,113.066,0.639,0
0.12,0.501,186613,0.788,0,10,0.137,-4.624,1,0.0415,152.047,0.61,0
0.152,0.55,195187,0.539,0,7,0.182,-7.669,1,0.0756,169.81,0.468,0
0.00716,0.6,195187,0.742,0,6,0.363,-4.135,1,0.0379,85.008,0.796,0
0.107,0.426,193880,0.829,0,9,0.317,-2.84,1,0.0569,180.241,0.814,0
0.102,0.467,219354,0.795,0,11,0.264,-3.6,1,0.0687,163.837,0.472,0
0.381,0.547,186667,0.511,0,8,0.15,-5.264,1,0.0275,137.87,0.256,0
0.0317,0.711,209733,0.774,0,7,0.124,-4.068,1,0.0308,111.016,0.939,0
0.0951,0.561,209229,0.536,0,6,0.114,-6.227,1,0.0346,150.01,0.378,0
0.0477,0.52,171493,0.841,0,9,0.25,-3.048,1,0.0524,147.963,0.705,0
0.0638,0.441,171800,0.826,0.00162,6,0.0944,-4.175,1,0.04,75.982,0.577,0
0.038,0.661,209760,0.633,2.82E-06,7,0.124,-5.986,1,0.0349,81.984,0.613,0
0.191,0.694,189507,0.715,0,4,0.73,-5.39,1,0.0461,130.085,0.757,0
0.278,0.633,220160,0.858,0,11,0.315,-3.509,0,0.0356,119.998,0.541,0
0.133,0.519,200416,0.738,0,7,0.0986,-5.452,1,0.0327,155.972,0.506,0
0.0228,0.77,138853,0.887,2.52E-05,6,0.098,-4.772,1,0.0678,100.028,0.817,0
0.0457,0.651,201147,0.929,0,10,0.209,-3.964,1,0.0563,115.021,0.507,0
0.19,0.593,175067,0.745,0,7,0.227,-4.37,1,0.0574,169.951,0.849,0
0.559,0.645,186533,0.642,3.62E-05,4,0.326,-7.709,1,0.0292,145.989,0.65,0
0.148,0.463,195587,0.71,0.000196,0,0.123,-7.051,1,0.0859,78.144,0.44,0
0.355,0.62,196320,0.443,0,5,0.108,-7.984,1,0.028,141.976,0.339,0
0.0146,0.617,213493,0.849,0,10,0.194,-4.316,0,0.0355,106.998,0.695,0
0.075,0.657,203222,0.751,2.85E-05,8,0.115,-6.273,0,0.0474,89.993,0.778,0
0.294,0.643,188893,0.79,0,4,0.107,-6.079,1,0.0462,95.987,0.8,0
0.0969,0.641,193427,0.842,0,9,0.169,-4.872,1,0.0464,89.997,0.738,0
0.335,0.565,199068,0.598,0,6,0.124,-5.894,1,0.0276,155.814,0.449,0
0.414,0.593,182200,0.753,2.30E-06,1,0.138,-4.491,1,0.0309,96.003,0.506,0
0.275,0.764,169227,0.555,0,11,0.0824,-6.414,1,0.0604,111.004,0.255,0
0.0303,0.54,230841,0.846,0,8,0.17,-3.833,1,0.0417,143.983,0.774,0
0.306,0.594,232165,0.6,0,2,0.149,-6.712,1,0.0498,145.967,0.5,0
0.168,0.591,198689,0.815,8.68E-06,10,0.142,-4.725,1,0.0366,118.024,0.306,0
0.0391,0.558,192587,0.737,0,6,0.0944,-4.022,1,0.0275,149.956,0.335,0
0.417,0.408,193416,0.523,9.58E-06,7,0.0877,-8.001,1,0.0353,169.954,0.428,0
0.122,0.641,182235,0.929,0.000632,2,0.129,-5.287,1,0.0709,101.991,0.551,0
0.42,0.525,183920,0.84,1.67E-05,1,0.361,-4.21,0,0.037,136.037,0.806,0
0.0241,0.54,190973,0.694,0.0092,5,0.0971,-4.456,1,0.0296,78.017,0.613,0
0.657,0.631,205453,0.591,0,7,0.11,-5.785,1,0.0277,97.074,0.489,0
0.621,0.512,178147,0.58,1.72E-05,3,0.513,-6.658,0,0.029,159.847,0.303,0
0.307,0.499,201480,0.643,0,11,0.106,-5.416,1,0.0354,93.805,0.469,0
0.563,0.516,173173,0.745,0,2,0.275,-8.352,1,0.0774,186.004,0.825,0
0.379,0.683,188824,0.372,0,0,0.119,-16.174,0,0.0278,101.909,0.637,0
0.28,0.695,163053,0.718,0,6,0.0871,-3.492,1,0.0271,114.963,0.895,0
0.148,0.549,205827,0.883,0,9,0.0609,-4.092,1,0.0344,145.06,0.487,0
0.0166,0.592,221600,0.928,1.38E-05,11,0.123,-5.403,1,0.0557,121.997,0.391,0
0.602,0.547,193027,0.822,0,5,0.107,-2.85,1,0.0334,81.981,0.553,0
0.0967,0.562,176587,0.743,0,7,0.13,-6.154,1,0.0574,117.006,0.546,0
0.111,0.463,194867,0.653,0.000136,0,0.172,-5.515,1,0.0273,143.912,0.233,0
0.0397,0.509,173961,0.493,1.32E-06,0,0.102,-6.676,1,0.0266,97.846,0.264,0
0.74,0.801,213000,0.446,0.038,10,0.0832,-14.605,1,0.0735,97.898,0.925,0
0.251,0.719,281200,0.645,4.09E-06,0,0.273,-8.405,1,0.0387,113.965,0.961,0
0.179,0.808,220627,0.535,9.91E-05,1,0.158,-12.521,1,0.0353,114.031,0.848,0
0.266,0.806,210500,0.74,0.00237,2,0.137,-4.695,1,0.0313,116.507,0.739,0
0.00643,0.874,244733,0.556,0.311,11,0.0445,-9.322,0,0.0708,122.849,0.883,0
0.176,0.373,192760,0.856,0,8,0.228,-8.117,0,0.122,198.372,0.605,0
0.729,0.785,148040,0.776,0,2,0.181,-5.259,1,0.0312,121.505,0.967,0
0.154,0.573,451400,0.546,0,6,0.186,-12.163,1,0.0631,98.223,0.636,0
0.417,0.538,165790,0.969,0.00154,11,0.119,-5.626,0,0.0906,138.652,0.928,0
0.22,0.731,211853,0.804,0,2,0.15,-6.62,1,0.106,118.933,0.761,0
0.0551,0.698,205507,0.853,0.00196,1,0.0388,-9.667,1,0.0353,107.347,0.879,0
0.127,0.617,247413,0.879,5.71E-05,0,0.339,-7.564,0,0.0455,114.453,0.746,0
0.0962,0.59,230640,0.868,0.000322,5,0.442,-5.832,0,0.048,184.348,0.798,0
0.761,0.212,191133,0.424,0,10,0.336,-9.97,1,0.0332,170.983,0.511,0
0.261,0.547,172867,0.82,0,8,0.3,-6.728,1,0.0805,118.208,0.933,0
0.0876,0.872,228573,0.715,0.0706,11,0.177,-10.182,1,0.0468,133.225,0.967,0
0.204,0.577,258707,0.481,0.00229,10,0.317,-10.581,0,0.03,132.159,0.311,0
0.0845,0.826,252373,0.718,5.44E-06,10,0.0652,-10.388,0,0.0555,105.857,0.884,0
0.824,0.617,257240,0.239,1.72E-05,0,0.147,-11.219,1,0.0591,75.114,0.426,0
0.149,0.87,495400,0.657,0.0102,2,0.053,-7.32,1,0.0522,110.596,0.893,0
0.93,0.714,165067,0.338,0.00644,4,0.389,-10.994,0,0.0456,128.385,0.667,0
0.114,0.697,214827,0.809,0.000521,9,0.183,-8.197,1,0.0302,125.941,0.98,0
0.132,0.582,535333,0.973,0.486,11,0.098,-6.571,0,0.0602,138.361,0.877,0
0.273,0.594,279333,0.38,2.87E-05,10,0.1,-12.059,0,0.0455,92.004,0.446,0
0.665,0.82,185400,0.57,0.011,7,0.154,-14.226,0,0.135,108.41,0.787,0
0.0118,0.556,165227,0.57,0.000526,2,0.198,-9.472,1,0.0393,126.01,0.304,0
0.57,0.65,180056,0.306,7.07E-06,9,0.0707,-9.443,1,0.0393,118.068,0.605,0
0.291,0.666,226213,0.714,0.0212,4,0.128,-9.448,0,0.0617,89.018,0.69,0
0.0499,0.843,230773,0.702,0.000301,6,0.308,-4.981,0,0.0462,125.464,0.883,0
0.3,0.784,216733,0.893,1.57E-05,7,0.272,-5.153,0,0.0923,118.738,0.819,0
0.447,0.506,392240,0.744,0,8,0.0761,-8.021,1,0.05,131.165,0.714,0
0.245,0.667,160280,0.599,0,0,0.107,-8.894,1,0.0291,127.935,0.971,0
0.0528,0.639,233373,0.845,0,10,0.336,-3.333,1,0.0372,119.485,0.871,0
0.823,0.519,178200,0.46,5.97E-05,11,0.243,-14.53,1,0.0688,132.082,0.675,0
0.194,0.693,255067,0.565,0.000175,9,0.0806,-12.583,1,0.0345,97.937,0.692,0
0.225,0.677,390862,0.852,3.95E-05,5,0.0595,-10.856,1,0.045,91.691,0.93,0
0.726,0.486,166827,0.312,1.59E-06,2,0.0601,-13.522,1,0.0533,205.917,0.598,0
0.546,0.273,179693,0.347,0.0137,5,0.334,-8.631,1,0.0292,87.411,0.328,0
0.215,0.62,190827,0.824,1.28E-06,6,0.116,-5.315,1,0.0258,110.494,0.637,0
0.762,0.617,165080,0.81,0,10,0.134,-6.513,1,0.0798,97.389,0.65,0
0.48,0.59,216773,0.355,0,9,0.0585,-14.051,1,0.0352,133.03,0.499,0
0.57,0.756,199396,0.397,0.0115,7,0.0542,-10.701,0,0.0522,101.985,0.507,0
0.0116,0.596,238733,0.869,0.173,10,0.0678,-11.97,1,0.037,109.902,0.944,0
0.625,0.579,165000,0.419,0,0,0.0981,-10.72,1,0.0346,104.564,0.673,0
0.43,0.663,151667,0.6,0,7,0.184,-10.87,1,0.032,129.991,0.8,0
0.627,0.691,125440,0.507,0,11,0.457,-10.23,1,0.0343,128.518,0.885,0
0.279,0.883,172333,0.464,1.51E-05,10,0.0744,-11.251,1,0.0591,111.548,0.925,0
0.000151,0.268,195568,0.882,6.52E-06,2,0.17,-3.549,1,0.0589,158.696,0.4,0
0.000199,0.282,185240,0.931,0.203,2,0.389,-6.708,1,0.05,90.662,0.368,0
0.0045,0.304,258253,0.917,0,2,0.142,-4.129,1,0.0728,197.847,0.437,0
0.00958,0.538,211453,0.912,0.000861,0,0.182,-4.015,1,0.237,139.733,0.428,0
0.908,0.897,184093,0.46,0.0109,10,0.0968,-10.554,0,0.0424,90.517,0.197,0
0.000205,0.272,139396,0.896,0.168,9,0.0677,-5.933,0,0.0496,160.458,0.492,0
0.267,0.599,241673,0.809,0.394,9,0.302,-5.76,0,0.0473,132.669,0.286,0
0.00125,0.795,153507,0.717,0,2,0.121,-5.937,1,0.253,141.026,0.75,0
0.000762,0.249,267440,0.835,0.0221,0,0.0559,-7.372,1,0.0568,123.334,0.334,0
0.000714,0.647,139565,0.903,0.000369,0,0.353,-2.3,1,0.193,97.982,0.774,0
0.000224,0.316,182307,0.685,0,4,0.279,-6.186,0,0.0745,164.275,0.585,0
0.381,0.893,192000,0.477,0.00297,11,0.108,-13.443,0,0.28,145.286,0.874,0
0.000451,0.466,106600,0.645,0.442,11,0.1,-6.843,0,0.0492,147.498,0.385,0
0.00485,0.391,300820,0.835,0.00514,7,0.118,-4.944,1,0.0702,129.024,0.109,0
2.99E-05,0.452,169056,0.843,0.00543,11,0.36,-5.492,1,0.0432,91.995,0.812,0
0.00793,0.701,139524,0.79,1.58E-06,9,0.335,-3.644,1,0.0374,126.016,0.758,0
0.582,0.699,132960,0.889,4.03E-05,9,0.118,-5.009,0,0.0668,92.375,0.634,0
0.0823,0.61,101381,0.782,0,2,0.105,-4.619,1,0.288,179.911,0.852,0
8.83E-05,0.475,171093,0.976,0.000415,11,0.0845,-3.822,0,0.0721,136.069,0.345,0
0.00133,0.328,197394,0.906,6.52E-06,0,0.349,-5.707,1,0.0709,149.674,0.571,0
0.00074,0.505,220879,0.948,0.00124,2,0.465,-5.334,1,0.0578,163.79,0.729,0
0.0175,0.539,194747,0.845,0.000217,0,0.133,-5.287,1,0.0908,160.024,0.469,0
0.00073,0.266,175850,0.964,0.000286,9,0.278,-4.308,1,0.101,136.526,0.469,0
0.00329,0.39,241019,0.846,1.58E-05,2,0.34,-5.73,1,0.0456,139.68,0.541,0
0.00834,0.511,159680,0.945,0,9,0.0638,-6.567,0,0.063,158.991,0.805,0
0.00271,0.644,206540,0.81,0.00065,2,0.332,-4.482,0,0.0629,124.923,0.474,0
0.00257,0.63,228920,0.681,0.00355,11,0.0708,-7.446,1,0.0675,91.088,0.49,0
0.00156,0.473,118883,0.871,0.28,5,0.152,-5.363,0,0.12,150.143,0.417,0
0.000298,0.468,167520,0.959,0.000549,0,0.306,-4.424,1,0.0456,82.512,0.668,0
0.00752,0.441,151542,0.769,0,11,0.277,-4.556,1,0.0634,179.024,0.88,0
0.0284,0.509,191095,0.981,0.00202,6,0.125,-3.446,0,0.25,94.032,0.119,0
0.000644,0.467,183511,0.868,9.93E-06,10,0.17,-6.079,0,0.0478,107.648,0.298,0
0.395,0.574,207875,0.715,2.99E-05,4,0.0738,-4.584,1,0.0599,145.473,0.634,0
0.000344,0.417,312653,0.828,0.00637,5,0.159,-7.793,0,0.0361,103.998,0.325,0
0.000912,0.513,98429,0.806,0.834,9,0.191,-7.01,1,0.0796,102.459,0.584,0
0.107,0.414,202254,0.774,1.64E-05,8,0.492,-3.534,0,0.217,115.326,0.468,0
0.0554,0.457,241733,0.783,0.57,11,0.113,-7.585,1,0.0373,114.012,0.345,0
0.00125,0.46,157130,0.862,0.00157,9,0.671,-8.136,1,0.0987,155.805,0.333,0
0.000772,0.623,168960,0.835,0.000602,2,0.328,-5.935,1,0.0633,94.024,0.424,0
0.00104,0.338,125080,0.982,0.00234,7,0.947,-4.079,1,0.181,170.329,0.291,0
0.00207,0.732,158000,0.725,0.00246,11,0.0999,-6.162,0,0.0371,120.213,0.963,0
0.0002,0.554,188000,0.76,9.15E-05,6,0.103,-11.707,0,0.0392,119.977,0.609,0
0.000163,0.214,310667,0.956,0.934,6,0.233,-2.206,1,0.0591,155.194,0.337,0
0.61,0.673,151899,0.545,0,0,0.141,-9.536,1,0.0924,158.053,0.356,0
0.00625,0.795,177000,0.674,0,1,0.219,-5.542,1,0.164,142.069,0.869,0
0.265,0.464,209129,0.969,0,9,0.168,-4.604,0,0.183,125.829,0.334,0
0.00026,0.431,148893,0.728,0.875,1,0.0774,-4.372,0,0.031,100.662,0.384,0
0.000664,0.483,160013,0.937,0,4,0.0683,-5.093,1,0.0687,93,0.33,0
0.0777,0.56,163973,0.681,0.00639,2,0.535,-9.603,1,0.0386,118.008,0.473,0
3.54E-05,0.226,267880,0.955,0.863,2,0.111,-6.291,1,0.11,101.866,0.24,0
